source	target	length
ABADHA_526E311N_S	SARMAQ_527E310N_S	16972
ABADHA_526E311N_S	SARWISTAN_524E314N_S	36533
ABADHA_537E297N_S	JUBANAN_534E297N_S	30204
ABADHA_537E297N_S	QARYAAS_539E296N_S	20518
ABARKATH_673E397N_S	BUZMAJAN_673E397N_S	7636
ABARKATH_673E397N_S	KHARAQANA_675E399N_S	26550
ABARQUH_532E311N_S	QARYAASAD_538E315N_S	73566
ABARQUH_532E311N_S	QARYABIDH_531E306N_S	61241
ABASKUN_540E370N_S	ASTARABADH_544E367N_S	48669
ABBADAN_482E303N_S	BASRA_477E304N_S	57778
ABBADAN_482E303N_S	ROUTPOINT0303_481E304N_O	17638
ABBASIYYA_317E305N_S	BILBAYS_315E304N_S	18854
ABBASIYYA_317E305N_S	FAQUS_317E307N_S	21236
ABDAS_473E314N_S	BADHIBIN_465E321N_S	107399
ABDAS_473E314N_S	MADHAR_473E314N_S	4272
ABDIN_493E312N_S	AZAM_490E312N_S	26382
ABDIN_493E312N_S	RAMHURMUZ_496E312N_S	28329
ABHAR_492E361N_S	ROUTPOINT0502_492E356N_O	53977
ABHAR_492E361N_S	ROUTPOINT1619_495E359N_O	36473
ABHAR_492E361N_S	ZANJAN_485E366N_S	87969
ABIWARD_595E372N_S	HURMUZFARRAH_616E376N_W	187678
ABIWARD_595E372N_S	RIBATKUFAN_593E372N_S	19302
ABIWARD_595E372N_S	ROUTPOINT1701_596E367N_O	61073
ABKHAN_483E408N_S	QABALA_476E407N_S	67486
ABKHAN_483E408N_S	SHABARAN_487E412N_S	55834
ABNASH_039W396N_S	MALAQUN_039W391N_S	52859
ABNASH_039W396N_S	TULAYTILA_040W398N_S	31915
ABSHIN_635E352N_S	DIZAH_634E354N_S	21679
ABSHIN_635E352N_S	RIBATKARZWAN_638E356N_S	51924
ABSHIN_635E352N_S	RIBATSHUR_635E350N_S	18861
ABSHUR_574E326N_S	BIRBAR_575E321N_S	60384
ABSHUR_574E326N_S	KURI_571E333N_S	83852
ABTIA_500E336N_S	JARBADHAQAN_502E333N_S	38755
ABTIA_500E336N_S	KARAJ_495E338N_S	56740
ABUQSHA_619E410N_O	NABADGHIN_620E407N_S	31266
ABUQSHA_619E410N_O	RIBATSANDAH_617E412N_S	26615
ABWA_390E232N_S	ROUTPOINT0704_391E229N_O	26726
ABWA_390E232N_S	SUQYABANUGHIFAR_392E235N_S	41879
ABYAD_424E318N_S	HUSA_420E317N_S	40025
ABYAD_424E318N_S	QUTQUTANA_438E319N_S	130666
ADAN_450E127N_S	LAHJ_448E130N_S	36457
ADHANA_353E369N_S	MISSISA_356E369N_S	29842
ADHANA_353E369N_S	TARSUS_349E369N_S	37381
ADHNUN_352E333N_S	SARAFANDA_352E334N_S	7015
ADHNUN_352E333N_S	SUR_352E332N_S	15049
ADHRAMA_417E369N_S	BARQAID_420E369N_S	32179
ADHRAMA_417E369N_S	TALLFARASHA_413E369N_S	33607
ADHRIAT_360E326N_S	BUSRA_364E325N_S	33605
ADHRIAT_360E326N_S	NAWA_360E328N_S	31554
ADHRIAT_360E326N_S	ROUTPOINT0121_362E333N_O	81803
ADHRIAT_360E326N_S	ZARQA_360E320N_S	61334
ADHRIAT_360E326N_S	ZARQA_360E320N_S	67802
ADHRUH_357E303N_S	AMMAN_359E319N_S	183084
ADHRUH_357E303N_S	MAAN_357E301N_S	16312
ADHRUH_357E303N_S	ROUTPOINT0101_354E308N_O	69135
ADHRUH_357E303N_S	TABUK_365E283N_S	237251
ADHRUH_357E303N_S	WADIMUSA_354E303N_S	27654
ADRASKAR_622E335N_S	ASFUZAR_621E332N_S	41087
ADRASKAR_622E335N_S	KUWASHAN_622E338N_S	28858
AFRIDHIN_517E354N_S	KAHDA_520E353N_S	27806
AFRIDHIN_517E354N_S	RAYY_515E356N_S	33804
AHWAZ_486E313N_S	ASKARMUKRAM_488E316N_S	45682
AHWAZ_486E313N_S	AZAM_490E312N_S	34757
AHWAZ_486E313N_S	NAHRTIRA_483E314N_S	33799
AHWAZ_486E313N_S	SHURAB_487E312N_S	17280
AHWAZ_486E313N_S	SUQARBAA_485E309N_S	46065
AJARUD_323E300N_S	BUNDUQA_319E300N_S	44885
AJARUD_323E300N_S	ROUTPOINT1001_325E300N_O	14735
AJDABIYYA_202E304N_S	AWJILA_212E289N_S	201023
AJDABIYYA_202E304N_S	QASRATISH_181E305N_S	218252
AJDABIYYA_202E304N_S	SULUQ_202E314N_S	104128
AJFUR_429E274N_S	FAYD_425E270N_S	62280
AJFUR_429E274N_S	KHUZAYMIYYA_431E279N_S	55014
AJGH_569E375N_S	ASFARAYIN_574E369N_S	85920
AJGH_569E375N_S	DINAZARI_559E375N_S	85569
AJWALI_374E298N_S	THAJR_378E288N_S	124528
AJWALI_374E298N_S	UBAYR_367E307N_S	118980
AKHDAMIYYA_422E322N_S	AYNTAMR_435E326N_S	128587
AKHDAMIYYA_422E322N_S	KHALAT_413E320N_S	84981
AKHLAT_425E387N_S	BADLIS_421E383N_S	55924
AKHLAT_425E387N_S	ROUTPOINT0211_430E389N_O	58749
AKHMIM_317E265N_S	BULYANA_319E262N_S	49308
AKHMIM_317E265N_S	FAW_316E266N_S	17298
AKHSHIKATH_713E409N_S	BAB_711E408N_S	17375
AKHSHIKATH_713E409N_S	ROUTPOINT1724_714E409N_O	11804
AKHSHIKATH_713E409N_S	USHTIQAN_720E406N_S	67062
AKHSISAK_652E378N_S	QARYABUKHARIYYIN_651E380N_S	22720
AKHSISAK_652E378N_S	QARYAKHUWARIZMIYYIN_655E376N_S	35001
AKHSISAK_652E378N_S	ZAMM_651E378N_S	7721
AKHUR_557E391N_S	RIBATAFRAWA_562E389N_S	58877
AKHUR_557E391N_S	RIBATDIHISTAN_546E382N_S	148747
AKKA_350E329N_S	KABUL_352E328N_S	15039
AKKA_350E329N_S	KANISA_349E327N_S	25359
AKKA_350E329N_S	LAJJUN_352E326N_S	40303
AKKA_350E329N_S	SUR_352E332N_S	41219
ALLAQI_328E230N_S	KUBAN_328E231N_S	11310
ALLAQI_328E230N_S	MAADINTIBR_333E226N_O	69968
ALTH_440E340N_S	HARBA_441E339N_S	12197
ALTH_440E340N_S	QADISIYYA_439E340N_S	12833
ALUS_424E339N_S	HADITHA_423E341N_S	13845
ALUS_424E339N_S	NAWUSA_426E338N_S	26380
AMASHIYYA_439E165N_S	KHAYWAN_440E162N_S	38516
AMASHIYYA_439E165N_S	SADA_437E169N_S	48668
AMID_402E379N_S	HARRAN_390E368N_S	154026
AMID_402E379N_S	MAYYAFARIQIN_410E381N_S	75793
AMID_402E379N_S	QASRIBNNAZI_403E374N_S	59537
AMID_402E379N_S	ROUTPOINT0210_401E379N_O	8909
AMLIL_029W352N_S	ROUTPOINT1207_023W350N_O	68658
AMLIL_029W352N_S	ROUTPOINT1209_038W351N_O	83179
AMMAN_359E319N_S	AWNID_369E316N_S	105089
AMMAN_359E319N_S	BAYTRAM_356E318N_S	34448
AMMAN_359E319N_S	MAAB_357E312N_S	81829
AMMAN_359E319N_S	UBAYR_367E307N_S	155134
AMMAN_359E319N_S	ZARQA_360E320N_S	22288
AMUL_524E364N_S	ASAK_522E358N_S	66395
AMUL_524E364N_S	MILA_525E364N_S	14054
AMUL_524E364N_S	ROUTPOINT1617_523E364N_O	8832
AMUL_635E390N_S	FIRABR_636E391N_S	14860
AMUL_635E390N_S	RIBATBARIS_633E388N_S	28779
AMUL_635E390N_S	TAHIRIYYA_625E398N_S	122677
AMZAH_642E399N_S	BUKHARA_644E398N_S	18926
AMZAH_642E399N_S	ROUTPOINT1722_639E399N_O	25823
ANAFA_357E343N_S	ATRABULUS_358E344N_S	14259
ANAFA_357E343N_S	BATHRUN_356E342N_S	14143
ANAK_367E323N_S	BAQIA_373E322N_S	51651
ANAK_367E323N_S	BUSRA_364E325N_S	41964
ANA_419E344N_S	ROUTPOINT0201_421E342N_O	24730
ANA_419E344N_S	ROUTPOINT0202_416E343N_O	32279
ANBAR_437E333N_S	RABB_432E334N_S	43212
ANBAR_437E333N_S	SAYLAHIN_440E334N_S	34158
ANBAR_659E362N_S	BALKH_668E367N_S	107886
ANBAR_659E362N_S	JURZUWAN_658E358N_S	36388
ANBAR_659E362N_S	ROUTPOINT1704_649E359N_O	100181
ANBAR_659E362N_S	SHABURQAN_657E366N_S	52677
ANDAJARAGH_691E372N_S	ARHAN_688E372N_S	29168
ANDAJARAGH_691E372N_S	ROUTPOINT1711_692E372N_O	5546
ANDAKHUDH_651E369N_S	MALIN_650E368N_S	17765
ANDAKHUDH_651E369N_S	RIBATAFRIGHUN_652E372N_S	35426
ANDARAB_473E401N_S	BARDHAA_472E404N_S	39530
ANDARAB_473E401N_S	BAYLAQAN_474E398N_S	29281
ANDARAB_693E356N_S	BAGHLAN_687E362N_S	96345
ANDARAB_693E356N_S	JARBAYA_696E353N_S	43911
ANDARAB_693E356N_S	ROUTPOINT1707_687E360N_O	79972
ANJIRA_544E321N_S	KHAZANA_546E323N_S	30756
ANJIRA_544E321N_S	YAZD_543E319N_S	26526
ANTAKIYYA_361E361N_S	FAMIYYA_364E354N_S	93880
ANTAKIYYA_361E361N_S	ROUTPOINT0119_362E363N_O	19787
ANTAKIYYA_361E361N_S	SUWAYDIYYA_359E360N_S	22260
ANTAKIYYA_361E361N_S	TIZIN_367E362N_S	49174
ANTARTUS_359E348N_S	MARAQIYYA_359E350N_S	16676
ANTARTUS_359E348N_S	ROUTPOINT0122_359E348N_O	3455
AQABAFIQ_356E327N_S	JASIM_360E329N_S	41808
AQABAFIQ_356E327N_S	ROUTPOINT0115_355E326N_O	16084
AQABARUMMAN_361E338N_S	BALABAKK_361E340N_S	15200
AQABARUMMAN_361E338N_S	ZABADANI_360E337N_S	19355
AQABA_251E314N_S	KHARAIBABUHALIMA_255E314N_S	33211
AQABA_251E314N_S	MARJSHAYKH_248E316N_S	43699
AQABA_436E300N_S	QA_436E297N_S	33767
AQABA_436E300N_S	WAQISA_437E305N_S	54458
AQRA_378E271N_S	HIJRSALIH_379E268N_S	34251
AQRA_378E271N_S	MUHDATHA_374E277N_S	75299
AQSUR_326E257N_S	ARMANT_325E256N_S	13365
AQSUR_326E257N_S	QUS_327E259N_S	29110
ARABAN_406E360N_S	JIBAL_416E362N_S	86442
ARABAN_406E360N_S	KHANUQA_398E357N_S	86746
ARABAN_406E360N_S	MIKISIN_407E357N_S	36152
ARAFAT_402E213N_S	MINA_399E213N_S	29177
ARAFAT_402E213N_S	TAIF_404E212N_S	24858
ARASKAN_634E357N_S	ASRAB_637E358N_S	30144
ARASKAN_634E357N_S	QASRAHNAF_632E357N_S	21754
ARA_355E280N_S	KILABA_360E275N_S	80862
ARA_355E280N_S	MADYANSHUAYB_350E284N_S	67749
ARBUNA_030E431N_S	JIRUNDA_028E419N_S	156555
ARDABIL_483E382N_S	NIR_479E380N_S	37532
ARDABIL_483E382N_S	ROUTPOINT1614_482E383N_O	15955
ARDABIL_483E382N_S	ROUTPOINT1616_483E378N_O	40625
ARDAKAN_570E279N_S	MARZAQAN_567E279N_S	25774
ARDAKAN_570E279N_S	WALASHJIRD_572E280N_S	27018
ARDAKHIWAH_602E421N_S	NUBAGH_598E422N_S	45431
ARDAKHIWAH_602E421N_S	NUZKATH_604E419N_S	26974
ARDALANKATH_722E412N_S	ROUTPOINT1724_714E409N_O	77557
ARDHAKHUSHMITHAN_602E416N_S	DASKAKHANKHAS_599E418N_S	32098
ARDHAKHUSHMITHAN_602E416N_S	KHIWAH_603E413N_S	33885
ARFAJA_386E299N_S	JARBA_381E304N_S	75106
ARFAJA_386E299N_S	MUKHRI_387E290N_S	108966
ARFAJA_487E276N_S	HADUTHA_483E285N_S	102235
ARFAJA_487E276N_S	QURA_495E269N_S	116779
ARHAN_688E372N_S	HALAWARD_687E378N_S	73647
ARIQA_437E173N_S	MAHJARA_435E176N_S	39557
ARIQA_437E173N_S	SADA_437E169N_S	42838
ARISH_045W323N_S	ROUTPOINT1201_051W336N_O	178867
ARISH_045W323N_S	SIJILMASA_042W312N_S	133883
ARISH_338E311N_S	RAFH_342E313N_S	47834
ARISH_338E311N_S	WARRADA_335E310N_S	26173
ARJAMUSH_358E338N_S	AYNJARR_359E337N_S	15717
ARJAMUSH_358E338N_S	ROUTPOINT0118_355E339N_O	40088
ARJIKUK_014W352N_S	GHUZZA_019W350N_S	49524
ARJIKUK_014W352N_S	WAHRAN_006W357N_S	93054
ARJISH_433E390N_S	BARKARI_437E389N_S	34763
ARJISH_433E390N_S	ROUTPOINT0211_430E389N_O	24195
ARJUNA_040W379N_S	HISNBULKUNA_042W378N_S	15772
ARJUNA_040W379N_S	QASTALLA_038W379N_S	17313
ARJ_392E238N_O	RUWAYTHA_392E240N_S	17775
ARJ_392E238N_O	SUQYABANUGHIFAR_392E235N_S	31882
ARKU_072E360N_S	LURBUS_088E361N_S	150223
ARKU_072E360N_S	ROUTPOINT1220_075E356N_O	55023
ARKU_072E360N_S	TIJIS_068E360N_S	33774
ARMABIL_663E262N_S	MANJABARA_682E258N_S	199930
ARMABIL_663E262N_S	QANBALI_665E254N_S	88317
ARMABIL_663E262N_S	ROUTPOINT1907_652E262N_O	121492
ARMABIL_663E262N_S	RUSTAKUHAN_664E265N_S	39385
ARMANT_325E256N_S	ASNA_325E253N_S	43433
ARQA_379E383N_S	MALATIN_383E383N_S	35959
ARRAJAN_502E306N_S	ASAK_496E307N_S	60093
ARRAJAN_502E306N_S	RISHAHR_502E303N_S	30895
ARRAJAN_502E306N_S	SANBIL_501E307N_S	19346
ARRAJAN_502E306N_S	SUMAYRAM_518E313N_S	196705
ARRAJAN_502E306N_S	ZAYTUN_503E305N_S	14065
ARSUBANIKATH_696E399N_S	FAGHKATH_690E398N_S	52314
ARSUBANIKATH_696E399N_S	KHUJANDA_696E402N_S	36473
ARSUF_348E321N_S	QAYSARIYYA_348E324N_S	34174
ARSUF_348E321N_S	RAMLA_348E319N_S	30543
ARZAN_416E379N_S	BADLIS_421E383N_S	64429
ARZAN_416E379N_S	MAYYAFARIQIN_410E381N_S	61032
ARZAN_416E379N_S	TALLFAFAN_417E377N_S	31875
ASADABADH_481E348N_S	DINAWAR_474E346N_S	67047
ASADABADH_481E348N_S	QASRLUSUS_479E344N_S	42942
ASADABADH_481E348N_S	ZAFARANIYYA_484E348N_S	26372
ASADABADH_564E363N_S	BAHMANABADH_568E363N_S	36151
ASADABADH_564E363N_S	BIYAR_558E360N_S	64482
ASADABADH_564E363N_S	HAFDAR_561E363N_S	30233
ASADABADH_626E362N_S	HAWZAN_629E359N_S	45378
ASADABADH_626E362N_S	ROUTPOINT1705_626E363N_O	5877
ASAK_496E307N_S	DAYRA_493E307N_S	35565
ASAK_522E358N_S	BALUR_520E358N_S	14913
ASBARA_707E401N_S	KAND_705E402N_S	23369
ASBARA_707E401N_S	SUKH_712E399N_S	47617
ASBARA_735E427N_S	MIRKI_731E428N_S	30954
ASBARA_735E427N_S	NUSHKATH_742E427N_S	56728
ASBIDHDASHT_511E321N_S	KHANLANJAN_515E324N_S	47240
ASBIDHDASHT_511E321N_S	RIBATBARAKAN_512E320N_S	13996
ASFABJAY_670E305N_S	MASTANJ_668E297N_S	104864
ASFABJAY_670E305N_S	RIBATKANKI_663E310N_S	83307
ASFABJAY_670E305N_S	ROUTPOINT1904_698E300N_O	279624
ASFABJAY_670E305N_S	ROUTPOINT1913_678E295N_O	144935
ASFABJAY_670E305N_S	ROUTPOINT1918_679E330N_O	306034
ASFAQUS_108E347N_S	MAHDIYYA_110E354N_S	83981
ASFAQUS_108E347N_S	ZAYTUNA_101E343N_S	79509
ASFARAYIN_574E369N_S	MIHRAJAN_578E365N_S	61249
ASFARAYIN_574E369N_S	SABZAWAR_576E361N_S	99226
ASFUZAR_621E332N_S	FARAH_620E323N_S	135528
ASHIR_031E357N_S	MASILA_045E356N_S	126471
ASHIR_031E357N_S	SUQKARA_026E361N_S	67047
ASHIR_031E357N_S	TAHIRT_013E353N_S	172533
ASHRASHAL_022E365N_S	MATTIJA_028E365N_S	54151
ASHRASHAL_022E365N_S	TANAS_013E364N_S	79714
ASKARMUKRAM_488E316N_S	RAMHURMUZ_496E312N_S	81966
ASKARMUKRAM_488E316N_S	TUSTAR_488E320N_S	44153
ASNA_325E253N_S	ATFU_328E250N_S	49859
ASQALAN_345E316N_S	AZDUD_346E317N_S	18587
ASQALAN_345E316N_S	ROUTPOINT0110_345E316N_O	5010
ASRAB_637E358N_S	KANJABADH_639E357N_S	20043
ASTARABADH_544E367N_S	NAMIYA_543E367N_S	13052
ASTARABADH_544E367N_S	RIBATALI_545E372N_S	51207
ASTARABADH_544E367N_S	RIBATHAFS_548E368N_S	37654
ASTARABADH_544E367N_S	SHAHRASTAN_552E371N_S	80397
ASTARABYAN_628E342N_S	KHAYSAR_625E342N_S	20548
ASTARABYAN_628E342N_S	MARABADH_630E343N_S	21078
ASYUT_311E271N_S	QAW_314E269N_S	42260
ASYUT_311E271N_S	USHMUNAYN_307E278N_S	96074
ATASHKAHAN_567E336N_S	RIBATKHURAN_564E337N_S	32349
ATASHKAHAN_567E336N_S	TABASJILAKI_569E335N_S	18636
ATBASH_758E411N_S	UZJAND_733E408N_S	227112
ATFU_328E250N_S	UNBUWA_329E244N_S	64481
ATHAFIT_439E161N_S	KHAYWAN_440E162N_S	26201
ATHAFIT_439E161N_S	RAYDA_440E158N_S	33739
ATHARIB_368E361N_S	HALAB_371E361N_S	32191
ATHARIB_368E361N_S	TIZIN_367E362N_S	16157
ATRABULUS_131E328N_S	SABRA_124E327N_S	68737
ATRABULUS_131E328N_S	WADIRAML_135E327N_S	38964
ATRABULUS_358E344N_S	BALABAKK_361E340N_S	66868
ATRABULUS_358E344N_S	ROUTPOINT0122_359E348N_O	56328
ATTAR_423E171N_S	BAYSH_425E173N_S	26703
ATTAR_423E171N_S	HALI_413E186N_S	198737
ATTAR_423E171N_S	ROUTPOINT0806_425E170N_O	25948
AWAMIL_400E349N_S	QAMARTI_404E348N_S	35361
AWAMIL_400E349N_S	QASABA_397E350N_S	33154
AWA_505E346N_S	KARAJ_495E338N_S	138713
AWA_505E346N_S	ROUTPOINT0505_507E348N_O	24619
AWBA_631E344N_S	KHASHT_639E343N_S	72701
AWBA_631E344N_S	MARABADH_630E343N_S	17305
AWDHANA_102E365N_S	TUNIS_101E367N_S	21409
AWDHANA_102E365N_S	ZAGHWAN_101E364N_S	25847
AWJILA_212E289N_S	WADDAN_162E289N_S	501381
AWNID_369E316N_S	AZRAQ_368E318N_S	23417
AWNID_369E316N_S	MUHDATHA_371E315N_S	25665
AWRAHA_795E264N_S	QANNAWJ_800E271N_S	95297
AWRAHA_795E264N_S	WUJAYN_757E232N_S	549992
AWSAJA_440E259N_S	NIBAJ_444E263N_S	55547
AWSAJA_440E259N_S	RAMA_434E257N_S	69453
AWTAS_406E217N_S	DHATIRQ_404E216N_S	30487
AWTAS_406E217N_S	GHAMRA_408E218N_S	24824
AYDHAB_362E224N_S	MAADINTIBR_333E226N_O	333121
AYDHAB_362E224N_S	SUWAKIN_373E191N_S	404742
AYLAN_076W314N_S	TANDALI_071W317N_S	62909
AYLAN_076W314N_S	TARQALA_088W305N_S	169881
AYLAN_076W314N_S	WARIKA_076W314N_S	8465
AYLA_349E295N_S	GHARANDAL_351E300N_S	57079
AYLA_349E295N_S	HAQL_350E292N_S	40302
AYLA_349E295N_S	QULZUM_325E300N_S	246996
AYNJARR_359E337N_S	BALABAKK_361E340N_S	42675
AYNJARR_359E337N_S	QARUN_357E335N_S	26386
AYNJARR_359E337N_S	ROUTPOINT0120_362E335N_O	39788
AYNRUMIYYA_389E363N_S	BAJARWAN_389E361N_S	24799
AYNRUMIYYA_389E363N_S	TALLABDA_387E366N_S	41604
AZDUD_346E317N_S	ROUTPOINT0110_345E316N_O	22023
AZDUD_346E317N_S	ROUTPOINT0111_346E318N_O	4034
AZILA_059W355N_S	TANJA_058W357N_S	24924
AZILA_059W355N_S	TUSHUMMUS_059W350N_S	57382
AZKAS_521E315N_S	RUZKAN_519E318N_S	38583
AZKAS_521E315N_S	SARWISTAN_524E314N_S	26864
AZRAQ_368E318N_S	BUSRA_364E325N_S	85920
AZRAQ_368E318N_S	QURAKIR_377E313N_S	102395
BAAYNATHA_424E366N_S	BALAD_427E364N_S	37659
BAAYNATHA_424E366N_S	BARQAID_420E369N_S	47011
BABABWAB_483E420N_S	JISRSAMUR_484E418N_S	26901
BABABWAB_483E420N_S	SAMANDAR_475E429N_S	116657
BABABWAB_483E420N_S	SHAKKI_472E413N_S	141144
BABHADID_670E382N_O	BASAND_672E382N_S	20289
BABHADID_670E382N_O	HASHIMJIRD_670E376N_S	59371
BABHADID_670E382N_O	KANDAK_667E383N_S	27492
BABNA_624E349N_S	KAYF_624E352N_S	29863
BABNA_624E349N_S	ROUTPOINT1703_621E343N_O	72352
BAB_711E408N_S	KHAYLAM_709E411N_S	32956
BAB_711E408N_S	ROUTPOINT1723_711E407N_O	10670
BAB_711E408N_S	TURMUGHAN_708E407N_S	25645
BAB_711E408N_S	WANKATH_708E409N_S	23404
BADAH_499E312N_S	JISRJAHANNAM_502E314N_S	33669
BADAH_499E312N_S	ROUTPOINT0402_497E312N_O	25003
BADAYAQUB_367E270N_S	BAYDA_370E267N_S	38600
BADAYAQUB_367E270N_S	SAGHB_364E271N_S	32981
BADHAKHKATH_701E424N_S	ISBIJAB_697E422N_S	44759
BADHAKHKATH_701E424N_S	TAMTAJ_705E425N_S	28400
BADHASH_551E363N_S	HADDADA_548E362N_S	34321
BADHASH_551E363N_S	MURJAN_556E363N_S	44652
BADHIBIN_465E321N_S	SIKR_467E321N_S	17294
BADHIBIN_465E321N_S	WASIT_463E321N_S	25726
BADH_520E335N_S	KAJ_513E349N_S	166041
BADH_520E335N_S	TARQ_518E333N_S	33214
BADIS_066E347N_S	NAFTA_079E338N_S	168611
BADIS_066E347N_S	TAHUDHA_058E347N_S	76783
BADI_394E156N_S	SUWAKIN_373E191N_S	472127
BADR_388E237N_S	JAR_385E238N_S	31811
BADR_388E237N_S	ROUTPOINT0703_391E228N_O	105198
BADR_388E237N_S	SAFRA_389E240N_S	43093
BAGHAY_071E355N_S	DUFANA_066E354N_S	45533
BAGHAY_071E355N_S	ROUTPOINT1220_075E356N_O	46955
BAGHDAD_443E333N_S	BARADAN_443E335N_S	17210
BAGHDAD_443E333N_S	KARKH_443E333N_S	5075
BAGHDAD_443E333N_S	MADAIN_445E330N_S	38921
BAGHDAD_443E333N_S	NAHRAWAN_445E334N_S	23974
BAGHDAD_443E333N_S	SAYLAHIN_440E334N_S	28066
BAGHIRQAN_612E414N_S	RIBATMASH_614E413N_S	20995
BAGHIRQAN_612E414N_S	SHURAKHAN_609E415N_S	28977
BAGHLAN_687E362N_S	ROUTPOINT1706_684E361N_O	37320
BAGHLAN_687E362N_S	ROUTPOINT1707_687E360N_O	26550
BAGHLAN_687E362N_S	WARWALIJ_688E367N_S	66090
BAGHNIN_650E327N_S	BISHLANK_648E326N_S	18183
BAGHNIN_650E327N_S	DARGHASH_653E326N_S	39600
BAGHNIN_650E327N_S	DARTAL_650E321N_S	60607
BAGHSHUR_625E356N_S	KAYF_624E352N_S	49538
BAGHSHUR_625E356N_S	ROUTPOINT1705_626E363N_O	80687
BAHAR_563E298N_S	ROUTPOINT0605_565E298N_O	23365
BAHAR_563E298N_S	SHAMAT_560E297N_S	35785
BAHIRABADH_624E368N_S	MAHDIABADH_624E371N_S	26942
BAHIRABADH_624E368N_S	QARINAYN_624E365N_S	34844
BAHMANABADH_568E363N_S	MAZINAN_569E362N_S	13934
BAHRAJ_606E272N_S	BARBUR_604E272N_S	24260
BAHRAJ_606E272N_S	RASK_612E267N_S	91931
BAHRAJ_606E272N_S	ROUTPOINT1910_615E271N_O	95849
BAJARWAN_389E361N_S	ROUTPOINT0204_390E361N_O	2927
BAJARWAN_481E392N_S	BALKHAB_478E393N_S	29402
BAJAYA_050E367N_S	MARSADAJJAJ_035E367N_S	135953
BAJAYA_050E367N_S	ROUTPOINT1218_052E365N_O	25884
BAJA_078W380N_S	ISHBILIYYA_059W374N_S	199818
BAJA_078W380N_S	JABALUYUN_069W374N_S	109481
BAJA_078W380N_S	JALMANIYA_072W387N_S	100168
BAJA_092E366N_S	ROUTPOINT1213_098E368N_O	70073
BAJA_092E366N_S	ROUTPOINT1214_094E358N_O	115939
BAJJANA_024W369N_S	LURQA_017W376N_S	110707
BAJJANA_024W369N_S	MARIYYA_025W368N_S	12893
BAJJANA_024W369N_S	WADIYASH_031W373N_S	80396
BAKHTA_561E291N_S	ROUTPOINT0610_562E290N_O	6286
BAKHTA_561E291N_S	SIRJAN_557E294N_S	55927
BAKRABADH_658E315N_S	RIBATSARAB_663E318N_S	57894
BAKRABADH_658E315N_S	ROUTPOINT1915_655E314N_O	29538
BAKUH_498E403N_S	ROUTPOINT1615_487E406N_O	108180
BALABAKK_361E340N_S	LABWA_363E341N_S	24467
BALAD_427E364N_S	MAWSIL_431E363N_S	38008
BALAD_427E364N_S	TALLAFAR_424E363N_S	26939
BALANJAR_464E432N_S	ROUTPOINT1801_471E433N_O	58188
BALANJAR_464E432N_S	ROUTPOINT1802_466E437N_O	55806
BALANSIYYA_004W394N_S	BAYYASA_034W379N_S	323355
BALANSIYYA_004W394N_S	ROUTPOINT1417_005E407N_O	174512
BALANSIYYA_004W394N_S	SHAQR_004W391N_S	30027
BALAYAN_694E411N_S	BANKHASH_700E409N_S	52639
BALAYAN_694E411N_S	ROUTPOINT1716_694E411N_O	8293
BALIS_380E360N_S	DAWSAR_384E359N_S	38282
BALIS_380E360N_S	HALAB_371E361N_S	87336
BALIS_380E360N_S	MANBIJ_379E365N_S	56280
BALKHAB_478E393N_S	BARZAND_478E389N_S	41986
BALKHAB_478E393N_S	ROUTPOINT1614_482E383N_O	99901
BALKHAB_478E393N_S	WARTHAN_476E395N_S	29694
BALKHAN_660E375N_S	KALIF_663E373N_S	33039
BALKHAN_660E375N_S	QARYAKHUWARIZMIYYIN_655E376N_S	43450
BALKH_668E367N_S	DASTAJIRDA_666E368N_S	22065
BALKH_668E367N_S	KHULM_677E367N_S	74506
BALKH_668E367N_S	ROUTPOINT1719_679E358N_O	172986
BALKH_668E367N_S	SHAWKARD_670E370N_S	32684
BALUR_520E358N_S	NAMAHAND_519E357N_S	16448
BAMAQARA_393E377N_S	JARNAN_396E379N_S	32629
BAMAQARA_393E377N_S	JULLAB_389E374N_S	53878
BAMIYAN_678E348N_S	BARWAN_692E351N_S	146402
BAMIYAN_678E348N_S	KAH_677E352N_S	78092
BAMM_583E291N_S	DARJIN_581E292N_S	22490
BAMM_583E291N_S	NARMASIR_586E289N_S	33780
BANAKATH_688E407N_S	KHAWAS_688E402N_S	55534
BANAKATH_688E407N_S	SUTURKATH_688E408N_S	20210
BANATJARM_427E192N_O	JUSADA_427E195N_S	35405
BANATJARM_427E192N_O	YABAMBAM_428E188N_S	37150
BAND_620E260N_S	KIJ_630E260N_S	106758
BAND_620E260N_S	ROUTPOINT1908_617E261N_O	32054
BANIYAS_356E332N_S	ROUTPOINT0117_355E332N_O	11718
BANJAHIR_698E355N_S	JARBAYA_696E353N_S	22210
BANJAWAY_654E315N_S	KUHAK_653E314N_S	10765
BANJAWAY_654E315N_S	ROUTPOINT1915_655E314N_O	14427
BANKHASH_700E409N_S	TUNKATH_702E410N_S	18398
BANNAJBUR_641E269N_S	DIZAK_622E273N_S	198651
BANNAJBUR_641E269N_S	KIJ_630E260N_S	158640
BANNAJBUR_641E269N_S	ROUTPOINT1907_652E262N_O	147931
BANNAJBUR_641E269N_S	ROUTPOINT1911_653E276N_O	148618
BANNA_569E344N_S	BUSTADARAN_568E341N_S	30388
BANNA_569E344N_S	DARZINAK_567E343N_S	26482
BANNA_569E344N_S	RIBATZANJI_574E348N_S	65266
BANTIYUS_056E346N_S	TAHUDHA_058E347N_S	24467
BANTIYUS_056E346N_S	TAWLAQA_053E346N_S	20644
BANUWARIFAN_020E362N_S	MILIYANA_022E362N_S	18736
BANUWARIFAN_020E362N_S	ROUTPOINT1205_011E359N_O	86168
BANYA_696E253N_S	MANSURA_688E258N_S	101911
BANYA_696E253N_S	QAMUHUL_717E236N_S	286414
BANZART_098E372N_S	QARTAJANNA_102E368N_S	57840
BAQIA_373E322N_S	SAIDA_379E321N_S	62697
BAQIA_433E356N_S	HADITHA_433E360N_S	45341
BAQIA_433E356N_S	SINN_434E352N_S	43203
BAQQARA_331E310N_S	FARAMA_325E310N_S	51409
BAQQARA_331E310N_S	WARRADA_335E310N_S	40058
BARAB_534E278N_S	KARYAN_537E280N_S	34218
BARAB_534E278N_S	KURAN_528E277N_S	59411
BARADAN_443E335N_S	UKBARA_442E338N_S	43214
BARBUR_604E272N_S	JUWISULAYMAN_581E281N_S	249665
BARDAJ_475E402N_S	BARDHAA_472E404N_S	38334
BARDASIR_571E303N_S	FIRZIN_567E299N_S	50860
BARDASIR_571E303N_S	JANZARUDH_569E306N_S	44905
BARDHAA_472E404N_S	QALQATUS_466E402N_S	59836
BARDHAA_472E404N_S	ROUTPOINT1612_471E405N_O	8063
BARDHAA_472E404N_S	ROUTPOINT1613_476E407N_O	46389
BARIMMA_435E350N_S	SINN_434E352N_S	22695
BARIMMA_435E350N_S	SUDAQANIYYA_436E348N_S	31145
BARISIYAN_487E352N_S	HAMADHAN_485E347N_S	59856
BARISIYAN_487E352N_S	ROUTPOINT0503_491E354N_O	42593
BARISK_582E314N_S	HAWD_587E319N_S	74863
BARISK_582E314N_S	ROUTPOINT0611_578E312N_O	50443
BARJAH_708E426N_S	TAMTAJ_705E425N_S	25378
BARJAH_708E426N_S	TARAZ_714E428N_S	65193
BARJAMT_116E330N_S	FAWWARA_105E335N_S	125352
BARJAMT_116E330N_S	SABRA_124E327N_S	84823
BARKARI_437E389N_S	KHUWI_449E385N_S	131064
BARKUSH_695E415N_S	KHARGHANKATH_696E415N_S	16189
BARKUSH_695E415N_S	KHATUNKATH_693E414N_S	14801
BARNIQ_200E321N_S	BARQA_208E323N_S	77228
BARNIQ_200E321N_S	SULUQ_202E314N_S	81917
BARQA_208E323N_S	HALIMAN_222E327N_S	137164
BARSIQ_302E310N_S	KARYUN_301E311N_S	17455
BARSIQ_302E310N_S	QARTASA_304E310N_S	13879
BARWAN_485E375N_S	ROUTPOINT1616_483E378N_O	39153
BARWAN_485E375N_S	ZANJAN_485E366N_S	108999
BARWAN_692E351N_S	JARBAYA_696E353N_S	44008
BARWAN_692E351N_S	KABUL_691E345N_S	74834
BARZAND_478E389N_S	ROUTPOINT1614_482E383N_O	81392
BARZA_462E365N_S	JABRAWAN_456E369N_S	76222
BARZA_462E365N_S	MANZILBAYLAQAN_463E360N_S	51589
BARZA_462E365N_S	SABURKHAST_461E369N_S	48146
BASAND_672E382N_S	SAGHANIYAN_678E382N_S	58935
BASAND_672E382N_S	SANKARDAH_675E385N_S	43691
BASHAN_623E342N_S	HARA_621E343N_S	23886
BASHAN_623E342N_S	KHAYSAR_625E342N_S	19174
BASH_071W388N_S	BATALYUS_069W388N_S	16452
BASH_071W388N_S	JALMANIYA_072W387N_S	11828
BASH_071W388N_S	QANTARASIF_068W396N_S	99663
BASINNA_483E319N_S	BAYRUT_479E320N_S	39137
BASINNA_483E319N_S	NAHRTIRA_483E314N_S	60444
BASINNA_483E319N_S	SUS_482E322N_S	23564
BASIYAN_487E306N_S	HISNMAHDI_483E305N_S	47362
BASIYAN_487E306N_S	KHANMAZDAWAYHI_488E307N_S	10197
BASMAD_708E291N_S	MULTAN_714E301N_S	131711
BASMAD_708E291N_S	RUR_689E276N_S	257105
BASRA_058W348N_S	KURT_058W345N_S	26886
BASRA_058W348N_S	TUSHUMMUS_059W350N_S	27405
BASRA_477E304N_S	HAFARABUMUSA_459E284N_S	285310
BASRA_477E304N_S	ROUTPOINT0302_474E309N_O	63586
BASRA_477E304N_S	UBULLA_478E304N_S	19227
BATALYUS_069W388N_S	ROUTPOINT1415_053W383N_O	178101
BATHA_006E357N_S	HUWARA_004E355N_S	29831
BATHA_006E357N_S	MINDAS_008E356N_S	23675
BATHA_006E357N_S	ROUTPOINT1205_011E359N_O	52728
BATHA_006E357N_S	ROUTPOINT1206_000W357N_O	58682
BATHRUN_356E342N_S	JUBAYL_356E341N_S	15615
BATNMARR_397E216N_S	TANIM_397E215N_S	13582
BATNMARR_397E216N_S	USFAN_394E218N_S	40245
BAYAN_480E304N_S	ROUTPOINT0303_481E304N_O	11440
BAYAN_480E304N_S	UBULLA_478E304N_S	19589
BAYDA_370E267N_S	QURH_379E265N_S	102288
BAYDA_523E300N_S	KHULLAR_521E299N_S	18044
BAYDA_523E300N_S	MIHRJANAWAZ_522E303N_S	46268
BAYGHU_042W374N_S	ROUTPOINT1404_049W375N_O	73840
BAYGHU_042W374N_S	ROUTPOINT1407_040W374N_O	11856
BAYKAND_640E395N_S	BUKHARA_644E398N_S	46951
BAYKAND_640E395N_S	FIRABR_636E391N_S	58453
BAYKAND_640E395N_S	MIYANKAL_642E393N_S	29390
BAYLAMAK_547E378N_S	RIBATDIHISTAN_546E382N_S	43569
BAYLAMAK_547E378N_S	ROUTPOINT1618_547E376N_O	28185
BAYLAQAN_474E398N_S	WARTHAN_476E395N_S	36864
BAYRUT_355E339N_S	NAIMA_354E337N_S	14565
BAYRUT_355E339N_S	ROUTPOINT0118_355E339N_O	4202
BAYRUT_479E320N_S	QURQUB_477E321N_S	22887
BAYRUT_479E320N_S	ROUTPOINT0401_482E321N_O	33968
BAYSAN_354E325N_S	LAJJUN_352E326N_S	24977
BAYSAN_354E325N_S	ROUTPOINT0115_355E326N_O	23063
BAYSAN_354E325N_S	TAASIR_353E323N_S	20915
BAYSH_425E173N_S	HALI_413E186N_S	189081
BAYSH_425E173N_S	URSH_428E169N_S	56836
BAYTJIBRIL_348E316N_S	ROUTPOINT0104_350E316N_O	14298
BAYTJIBRIL_348E316N_S	SUKKARIYYA_346E315N_S	22403
BAYTLAHM_351E317N_S	BAYTMAQDIS_352E317N_S	7897
BAYTLAHM_351E317N_S	ROUTPOINT0105_351E316N_O	6970
BAYTMAQDIS_352E317N_S	ROUTPOINT0106_353E318N_O	18021
BAYTMAQDIS_352E317N_S	ROUTPOINT0113_351E319N_O	14573
BAYTRAM_356E318N_S	ROUTPOINT0108_355E317N_O	7557
BAYYASA_034W379N_S	QASTALLA_038W379N_S	38343
BAYYAS_362E367N_S	ISKANDARUNA_361E365N_S	23071
BAYYAS_362E367N_S	TINAT_361E368N_S	15444
BAZDA_654E390N_S	BIRSAID_652E392N_S	37786
BAZDA_654E390N_S	ROUTPOINT1720_654E389N_O	7303
BAZDA_654E390N_S	ROUTPOINT1721_657E389N_O	26037
BAZIR_498E316N_S	GHARWA_498E315N_S	11347
BAZIR_498E316N_S	IDHAJ_498E318N_S	27610
BIH_613E262N_S	QASRQAND_607E262N_S	63400
BIH_613E262N_S	ROUTPOINT1909_613E262N_O	4044
BILAQ_329E239N_S	QASR_329E238N_S	14727
BILAQ_329E239N_S	USWAN_329E241N_S	13614
BILBAYS_315E304N_S	GHAYFA_315E303N_S	6846
BILBAYS_315E304N_S	MANSAF_320E301N_S	55386
BILIZMA_061E356N_S	DUFANA_066E354N_S	48026
BILIZMA_061E356N_S	NIQAWUS_057E355N_S	39861
BIMAND_555E296N_S	KURDAKAN_556E297N_S	16841
BIMAND_555E296N_S	RIBATBUSHTKHAMM_552E295N_S	32580
BIMAND_555E296N_S	SARMAQAN_548E296N_S	77427
BIMAND_555E296N_S	SIRJAN_557E294N_S	26897
BINKATH_694E412N_S	KHATUNKATH_693E414N_S	22922
BINKATH_694E412N_S	NUJAKATH_695E414N_S	21144
BINKATH_694E412N_S	ROUTPOINT1716_694E411N_O	4703
BIRBAR_575E321N_S	GHAMRSURKH_572E318N_S	39504
BIRBAR_575E321N_S	NABAND_575E323N_S	23403
BIRHUMAYD_681E403N_S	BIRHUSAYN_679E402N_S	24160
BIRHUMAYD_681E403N_S	WINKARD_684E405N_S	28998
BIRHUSAYN_679E402N_S	DIZAK_677E400N_S	22754
BIRSAID_652E392N_S	RIBATATIQ_650E394N_S	29219
BISHA_426E199N_S	JUSADA_427E195N_S	47738
BISHA_426E199N_S	TABALA_424E200N_S	26158
BISKAND_583E360N_S	HUSAYNABADH_579E361N_S	42685
BISKAND_583E360N_S	NAYSABUR_587E361N_S	36889
BISKARA_057E348N_S	TAHUDHA_058E347N_S	10594
BISKARA_057E348N_S	TAWLAQA_053E346N_S	36280
BISKARA_057E348N_S	TUBNA_053E353N_S	67810
BISTAM_550E364N_S	HADDADA_548E362N_S	31073
BISTAM_550E364N_S	ZIRADABADH_553E366N_S	30794
BISUTUN_474E343N_S	QANTARANUMAN_476E344N_S	21968
BISUTUN_474E343N_S	QARMASIN_470E343N_S	35746
BITAN_432E287N_S	SHUQUQ_434E290N_S	39381
BITAN_432E287N_S	THALABIYYA_431E282N_S	52020
BIYABSHURAB_526E286N_S	JUR_525E288N_S	21446
BIYABSHURAB_526E286N_S	RAYKAN_526E285N_S	22759
BIYAR_558E360N_S	KUNDUR_581E351N_S	234065
BIYAR_558E360N_S	MURJAN_556E363N_S	41748
BIZA_078W390N_S	JALMANIYA_072W387N_S	68275
BIZA_078W390N_S	SHANTARIN_087W392N_S	102519
BUKHARA_644E398N_S	JIKAM_647E395N_S	38208
BUKHARA_644E398N_S	KHUJADAH_642E398N_S	25211
BUKHARA_644E398N_S	QARAJUN_644E395N_S	31520
BUKHARA_644E398N_S	TAWAWIS_647E400N_S	33458
BUKHARA_644E398N_S	ZANDANA_643E399N_S	16321
BULGHAR_492E548N_S	SUWAR_499E544N_S	67923
BULUNYAS_359E351N_S	JABALA_359E353N_S	20542
BULUNYAS_359E351N_S	MARAQIYYA_359E350N_S	15963
BULYANA_319E262N_S	HU_322E260N_S	40775
BULYANA_319E262N_S	QINA_327E261N_S	80697
BUMINA_297E309N_S	DHATHUMAM_293E308N_S	40724
BUMINA_297E309N_S	ISKANDARIYYA_299E311N_S	35084
BUMJIKATH_688E397N_S	FAGHKATH_690E398N_S	18637
BUMJIKATH_688E397N_S	SABAT_687E399N_S	29158
BUNA_077E368N_S	JIJIL_057E367N_S	186345
BUNA_077E368N_S	ROUTPOINT1212_084E367N_O	75192
BUNDARIYYA_309E307N_S	FISHAIBNSULAYM_309E307N_S	4751
BUNDARIYYA_309E307N_S	TUWWA_309E306N_S	4752
BUNDUQA_319E300N_S	BUWAYB_315E301N_S	35355
BUNJIKATH_676E394N_S	SAMARQAND_670E396N_S	60271
BUNJIKATH_676E394N_S	WARAGHSHAR_674E395N_S	21842
BURJ_496E333N_S	KARAJ_495E338N_S	55504
BURJ_496E333N_S	KHUNAJAN_502E331N_S	65167
BURNAMADH_681E399N_S	ROUTPOINT1725_679E399N_O	12288
BURNAMADH_681E399N_S	ZAMIN_684E399N_S	26018
BURUJIRD_488E339N_S	RAMAN_486E342N_S	46236
BURUJIRD_488E339N_S	ROUTPOINT0510_491E340N_O	39484
BURULLUS_309E315N_S	DIMYAT_317E314N_S	81550
BURULLUS_309E315N_S	IKHNA_307E315N_S	20994
BUSANJ_614E343N_S	FARKIRD_610E342N_S	37407
BUSANJ_614E343N_S	HARA_621E343N_S	63952
BUSANJ_614E343N_S	KARAH_613E344N_S	16471
BUSHTBADHAM_554E330N_S	ROUTPOINT0607_553E331N_O	11925
BUSHTBADHAM_554E330N_S	SAGHAND_552E325N_S	64924
BUSTADARAN_568E341N_S	RIBATKHURAN_564E337N_S	64592
BUSTA_497E351N_S	RUDHA_497E351N_S	5596
BUSTA_497E351N_S	TAZRA_493E351N_S	32846
BUST_643E313N_S	FIRUZQAND_646E315N_S	30417
BUST_643E313N_S	RIBATABDALLAH_639E313N_S	44396
BUST_643E313N_S	SARWAN_648E319N_S	82383
BUTLAMIYYA_383E355N_S	QASTAL_375E350N_S	84816
BUTLAMIYYA_383E355N_S	RUSAFA_387E356N_S	43254
BUWAYB_315E301N_S	JUBBAMIRA_313E301N_O	18914
BUWAYN_506E319N_S	RUSTAJIRD_502E317N_S	49427
BUWAYN_506E319N_S	SAWJAR_508E320N_S	35978
BUZANJIRD_489E349N_S	DARNAWA_487E348N_S	26542
BUZANJIRD_489E349N_S	ZARRA_492E350N_S	25668
BUZJAN_606E351N_S	MALAYAKIRD_602E354N_S	39622
BUZJAN_606E351N_S	MALIN_602E349N_S	45600
BUZJAN_606E351N_S	ROUTPOINT1718_608E348N_O	45106
BUZMAJAN_673E397N_S	KABUZANJAKATH_671E397N_S	13844
BUZMAJAN_673E397N_S	RIBATSAD_677E398N_S	35468
DABA_562E255N_S	ROUTPOINT0705_559E253N_O	36409
DABA_562E255N_S	SUHAR_566E243N_S	156943
DABIL_446E401N_S	NASHAWA_453E393N_S	110160
DABIL_446E401N_S	QALQATUS_466E402N_S	173937
DABUSIYA_660E399N_S	KHUDIMANKAN_655E401N_S	42236
DABUSIYA_660E399N_S	RABINJAN_663E398N_S	31519
DAHLIZAN_499E307N_S	JAYZAN_498E308N_S	18067
DAHLIZAN_499E307N_S	KHABARAN_498E309N_S	26463
DAHLIZAN_499E307N_S	SANBIL_501E307N_S	17766
DAKHARRAQAN_459E377N_S	ROUTPOINT1608_458E375N_O	17960
DAKHARRAQAN_459E377N_S	TABRIZ_463E380N_S	56506
DAKHWID_512E303N_S	JUNBADHMALLAGHAN_508E302N_S	40725
DAKHWID_512E303N_S	KHAWADHAN_515E302N_S	26043
DALAS_311E292N_S	MANF_312E298N_S	73453
DALAS_311E292N_S	QAYS_307E285N_S	85649
DALIYA_407E347N_S	FASH_405E349N_S	29934
DALIYA_407E347N_S	KHALIJBANUJUMAY_408E345N_S	21638
DALIYA_407E347N_S	QAMARTI_404E348N_S	28840
DAMGHAN_543E361N_S	HADDADA_548E362N_S	42415
DAMGHAN_543E361N_S	JARMJUWI_540E359N_S	34973
DANDANAQAN_616E372N_S	JARUJIRD_618E375N_S	32137
DANDANAQAN_616E372N_S	TALASTANA_614E370N_S	30889
DANDARA_326E261N_S	HU_322E260N_S	38407
DANDARA_326E261N_S	QINA_327E261N_S	9741
DANJI_516E329N_S	RIBATIBNRUSTAM_514E330N_S	26853
DANJI_516E329N_S	ROUTPOINT0506_517E327N_O	13066
DANK_563E235N_S	HAFIT_558E238N_S	64009
DANK_563E235N_S	SIRR_568E230N_S	87057
DARABAJIRD_545E287N_S	JARMWA_547E286N_S	30000
DARABAJIRD_545E287N_S	KHASU_544E285N_S	43281
DARABAJIRD_545E287N_S	MURAYZIJAN_543E288N_S	15885
DARAKAN_542E288N_S	JAHZANDAYA_541E288N_S	10269
DARAKAN_542E288N_S	MURAYZIJAN_543E288N_S	12820
DARAQAN_487E334N_S	KARAJ_495E338N_S	92279
DARAQAN_487E334N_S	SABURKHASHT_483E334N_S	38228
DARA_409E371N_S	NASIBIN_412E370N_S	29880
DARA_409E371N_S	ROUTPOINT0208_407E371N_O	22586
DARBANA_574E290N_S	JIRUFT_578E286N_S	56768
DARBANA_574E290N_S	ROUTPOINT0610_562E290N_O	125854
DARGHASH_653E326N_S	DARTAL_650E321N_S	62771
DARIN_501E262N_S	MUSAYLIHA_499E261N_S	24176
DARIN_501E262N_S	QATIF_499E265N_S	36980
DARISTAN_587E292N_S	NARMASIR_586E289N_S	29151
DARISTAN_587E292N_S	QARYASALM_592E312N_S	240149
DARIYAN_529E295N_S	KHURRAMA_533E295N_S	40246
DARIYAN_529E295N_S	SHIRAZ_525E296N_S	41348
DARIYYA_428E246N_S	JADILA_429E240N_S	65842
DARIYYA_428E246N_S	TIKHFA_430E249N_S	37308
DARIZ_515E296N_S	KAZARUN_516E296N_S	15946
DARIZ_515E296N_S	KAZARUN_516E296N_S	38689
DARIZ_515E296N_S	KHASHT_513E295N_S	27279
DARJIN_581E292N_S	SARWISTAN_578E292N_S	29790
DARKHASH_605E418N_S	GHARDAMAN_603E418N_S	14243
DARKHASH_605E418N_S	KATH_607E417N_S	22384
DARKHASH_605E418N_S	NUZKATH_604E419N_S	16288
DARKUJUWI_577E307N_S	KHABIS_577E304N_S	33767
DARKUJUWI_577E307N_S	ROUTPOINT0611_578E312N_O	57147
DARNAWA_487E348N_S	HAMADHAN_485E347N_S	16304
DARTAL_650E321N_S	SARWAN_648E319N_S	29002
DARWADH_501E350N_S	SAWA_504E349N_S	21056
DARWADH_501E350N_S	SUSANQIN_500E350N_S	15814
DARZANKA_676E378N_S	ROUTPOINT1712_678E381N_O	42145
DARZANKA_676E378N_S	SARMANJI_674E376N_S	31101
DARZINAK_567E343N_S	DASKARDAN_566E342N_S	12102
DASHTALI_611E255N_S	ROUTPOINT1908_617E261N_O	85285
DASHTALI_611E255N_S	TIZ_606E253N_S	59188
DASHTARZAN_519E296N_S	KAZARUN_516E296N_S	31930
DASHTARZAN_519E296N_S	KHANASAD_522E295N_S	28949
DASKAKHANKHAS_599E418N_S	WAZARMAND_597E418N_S	16311
DASKARA_449E339N_S	DAYRBAZAMA_447E336N_S	42526
DASKARA_449E339N_S	HARUNIYYA_450E339N_S	9518
DASKARDAN_566E342N_S	NUJAY_564E341N_S	19881
DASTAJIRDA_666E368N_S	SIDRA_662E368N_S	39071
DATHINA_419E232N_S	FALJA_424E235N_S	64167
DATHINA_419E232N_S	QUBA_416E227N_S	56156
DAWQA_409E195N_S	QANAWNA_411E191N_S	57724
DAWQA_409E195N_S	SIRRAYN_407E198N_S	40313
DAWRAQ_489E308N_S	DAYRA_493E307N_S	38746
DAWRAQ_489E308N_S	KHANMAZDAWAYHI_488E307N_S	12868
DAWRAQ_489E308N_S	MANDAM_488E310N_S	24011
DAWSAR_384E359N_S	JISRMANBIJ_382E366N_S	97482
DAWSAR_384E359N_S	RAQQA_390E359N_S	50432
DAYBUL_676E244N_S	ROUTPOINT1905_677E245N_O	11095
DAYRAQUL_449E329N_S	JARJARAYA_453E327N_S	38285
DAYRAQUL_449E329N_S	SIB_448E329N_S	15081
DAYRBAZAMA_447E336N_S	NAHRAWAN_445E334N_S	22166
DAYRJISS_516E350N_S	KAJ_513E349N_S	33764
DAYRJISS_516E350N_S	ROUTPOINT0512_516E352N_O	18572
DAYYAY_307E310N_S	MAHALLAABUKHURASHA_306E310N_S	8527
DAYYAY_307E310N_S	ROUTPOINT1002_308E310N_O	16112
DAZIQI_411E343N_S	NIHIYYA_415E343N_S	37617
DAZIQI_411E343N_S	WADISIBA_409E344N_S	23784
DHATHUMAM_293E308N_S	HANIYYARUM_288E308N_S	44809
DHATHUMAM_293E308N_S	ISKANDARIYYA_299E311N_S	69082
DHATHUMAM_293E308N_S	TARNUT_308E304N_S	162691
DHATIRQ_404E216N_S	MAKKA_398E213N_S	69454
DHATSAHIL_310E302N_S	ROUTPOINT1004_309E303N_O	14615
DHATSAHIL_310E302N_S	SHATNUF_310E302N_S	5052
DHIMAR_443E145N_S	ROUTPOINT0801_443E143N_O	30629
DHIMAR_443E145N_S	ROUTPOINT0802_442E148N_O	39091
DHUHULAYFA_395E244N_S	MALAL_394E242N_S	17142
DHUHULAYFA_395E244N_S	QUBA_395E244N_S	4618
DHUKHUSHUB_392E247N_S	MADINA_396E244N_S	44718
DHUKHUSHUB_392E247N_S	SUWAYDA_390E250N_S	44695
DIHBARIST_561E277N_S	ROUTPOINT0604_563E272N_O	79827
DIHBARIST_561E277N_S	TARIM_558E281N_S	58631
DIHUSHTURAN_557E303N_S	RUDHAN_560E303N_S	32095
DIHUSHTURAN_557E303N_S	SHABABAK_550E301N_S	66713
DIMASHQ_363E335N_S	KUSWA_362E333N_S	19212
DIMASHQ_363E335N_S	QUTAYYIFA_366E337N_S	38245
DIMASHQ_363E335N_S	ROUTPOINT0120_362E335N_O	6679
DIMASHQ_363E335N_S	SUWAYDA_365E326N_S	97452
DIMASHQ_363E335N_S	SUWA_378E337N_S	147080
DIMYAT_317E314N_S	MAHALLAKABIRA_311E309N_S	82477
DIMYAT_317E314N_S	TINNIS_322E312N_S	49616
DINAWAR_474E346N_S	SHAHRAZUR_460E352N_R	166344
DINAWAR_474E346N_S	SISAR_469E353N_S	104268
DINAZARI_559E375N_S	SHAHRASTAN_552E371N_S	84450
DIRIZDAH_670E393N_S	KISHSH_668E390N_S	38843
DIRIZDAH_670E393N_S	SAMARQAND_670E396N_S	41875
DIZAH_634E354N_S	MARWRUDH_633E355N_S	20153
DIZAK_622E273N_S	KHAWASH_618E277N_S	63021
DIZAK_622E273N_S	ROUTPOINT1910_615E271N_O	77040
DIZAK_677E400N_S	KHARAQANA_675E399N_S	22976
DIZAK_677E400N_S	ZAMIN_684E399N_S	57289
DIZA_516E353N_O	KAHDA_520E353N_S	36302
DIZA_516E353N_O	RAYY_515E356N_S	38466
DIZA_516E353N_O	ROUTPOINT0504_511E352N_O	49599
DIZA_516E353N_O	ROUTPOINT0512_516E352N_O	5961
DIZ_484E323N_S	DIZ_484E329N_S	72996
DIZ_484E323N_S	JUNDAYSABUR_485E322N_S	11500
DIZ_484E323N_S	SAYMARA_474E331N_S	135586
DIZ_484E329N_S	SABURKHASHT_483E334N_S	66915
DUFANA_066E354N_S	TUBNA_053E353N_S	124115
DUNAYSIR_405E371N_S	MARDIN_407E373N_S	19677
DUNAYSIR_405E371N_S	ROUTPOINT0208_407E371N_O	11047
DUR_438E344N_S	JABILTA_437E346N_S	19008
DUR_438E344N_S	KARKH_438E342N_S	20332
FAGHKATH_690E398N_S	ROUTPOINT1714_692E400N_O	33289
FAKKAN_000E352N_S	HUWARA_004E355N_S	52882
FAKKAN_000E352N_S	ROUTPOINT1204_010E353N_O	99249
FAKKAN_000E352N_S	TILIMSAN_013W348N_S	133209
FALJA_424E235N_S	ROUTPOINT0709_428E238N_O	52294
FALUSAN_017W350N_S	GHUZZA_019W350N_S	16065
FALUSAN_017W350N_S	TILIMSAN_013W348N_S	46552
FAMIYYA_364E354N_S	SHAYZAR_365E352N_S	24307
FAMNAHRSAID_401E353N_S	MUBARAK_398E355N_S	39637
FAMNAHRSAID_401E353N_S	QARQISIYYA_404E351N_S	34601
FAMSILH_461E324N_S	NAHRSABUS_459E324N_S	18911
FAMSILH_461E324N_S	WASIT_463E321N_S	39753
FAQUS_317E307N_S	ROUTPOINT1003_319E307N_O	18463
FARAH_620E323N_S	JIZAH_623E319N_S	55004
FARAH_620E323N_S	JUWAYN_616E317N_S	84456
FARAH_620E323N_S	NIH_600E315N_S	211611
FARAMA_325E310N_S	JURJIR_321E309N_S	40816
FARAMA_325E310N_S	QANTARA_323E308N_S	32260
FARAMA_325E310N_S	TINNIS_322E312N_S	43657
FARAYA_369E348N_S	HIMS_367E347N_S	24577
FARAYA_369E348N_S	SALAMIYYA_370E350N_S	19536
FARGHAR_694E374N_S	ROUTPOINT1709_695E375N_O	15498
FARGHAR_694E374N_S	ROUTPOINT1711_692E372N_O	29489
FARHAKIRD_595E357N_S	NUKDAH_600E356N_S	43258
FARHAKIRD_595E357N_S	ROUTPOINT1702_592E359N_O	37130
FARIYAB_649E364N_S	RIBATASTANA_649E366N_S	24189
FARIYAB_649E364N_S	SHABURQAN_657E366N_S	79009
FARIYAB_649E364N_S	YAHUDIYYA_648E359N_S	60340
FARKIRD_610E342N_S	KHARKIRD_601E343N_S	85936
FARUTH_465E318N_S	QATR_466E317N_O	14486
FARUTH_465E318N_S	WASIT_463E321N_S	47207
FASA_536E289N_S	JAHRAM_535E285N_S	46882
FASA_536E289N_S	KURM_536E290N_S	17061
FASA_536E289N_S	TABISTAN_538E289N_S	18904
FASH_405E349N_S	RAHBAMALIKIBNTAWQ_404E349N_S	11957
FAS_050W340N_S	NAMALATA_046W341N_S	38387
FAS_050W340N_S	ROUTPOINT1201_051W336N_O	52459
FAS_050W340N_S	ROUTPOINT1211_053W341N_O	29820
FAWWARA_105E335N_S	KATANA_102E336N_S	26450
FAW_316E266N_S	QAW_314E269N_S	32946
FAYD_425E270N_S	TUZ_422E267N_S	44356
FAYD_425E270N_S	WADITAYY_419E270N_R	55716
FAZ_622E373N_S	JIRANJ_622E374N_S	12925
FAZ_622E373N_S	MAHDIABADH_624E371N_S	33142
FIRABR_636E391N_S	MIYANKAL_642E393N_S	59762
FIRUZQAND_646E315N_S	KUHAK_653E314N_S	69619
FIRZIN_567E299N_S	MAHAN_573E301N_S	55380
FIRZIN_567E299N_S	ROUTPOINT0605_565E298N_O	18752
FISHAIBNSULAYM_309E307N_S	MAHALLAMAHRUM_309E307N_S	3567
FUDAYN_405E354N_S	QARQISIYYA_404E351N_S	33342
FUDAYN_405E354N_S	SUKAYRABBAS_405E352N_S	19303
FUDAYN_405E354N_S	SUWWAR_406E354N_S	10248
FUHAYMA_421E342N_S	HADITHA_423E341N_S	25762
FUHAYMA_421E342N_S	ROUTPOINT0201_421E342N_O	5600
FURJ_551E283N_S	RUSTAQ_551E284N_S	19426
FURJ_551E283N_S	TARIM_558E281N_S	69309
FUSTAT_312E300N_S	GHAYFA_315E303N_S	47737
FUSTAT_312E300N_S	JUBBAMIRA_313E301N_O	19054
FUSTAT_312E300N_S	QAHIRA_312E300N_S	1838
FUSTAT_312E300N_S	QASR_312E300N_S	3204
FUSTUJAN_540E288N_S	JAHZANDAYA_541E288N_S	12285
FUSTUJAN_540E288N_S	TABISTAN_538E289N_S	26609
FUTUQ_412E214N_S	JUDAD_410E217N_S	39010
FUTUQ_412E214N_S	TURABA_416E212N_S	43607
GHAFIQ_050W386N_S	ROUTPOINT1416_052W384N_O	31167
GHAMRA_408E218N_S	JUDAD_410E217N_S	30345
GHAMRA_408E218N_S	MISLAH_407E224N_S	61436
GHAMRA_408E218N_S	WAJRA_409E220N_S	21353
GHAMRSURKH_572E318N_S	SHURIRUDH_577E312N_S	94348
GHARANDAL_351E300N_S	ROUTPOINT0902_353E303N_O	43305
GHARDAMAN_603E418N_S	WAYKHAN_601E420N_S	24118
GHARNATA_035W372N_S	LIBIRA_036W372N_S	6546
GHARNATA_035W372N_S	ROUTPOINT1411_030W367N_O	76104
GHARWA_498E315N_S	TIRAM_498E313N_S	24831
GHAZNA_684E335N_S	KARDIZ_691E336N_S	72820
GHAZNA_684E335N_S	SAGHAN_680E330N_S	64628
GHAZNA_684E335N_S	SAKAWAND_687E340N_S	67374
GHAZZA_344E314N_S	RAFH_342E313N_S	28438
GHAZZA_344E314N_S	ROUTPOINT0109_345E315N_O	14150
GHAZZA_344E314N_S	ROUTPOINT0110_345E316N_O	18311
GHUBAYRA_569E297N_S	KHANNAB_567E298N_S	29286
GHUBAYRA_569E297N_S	KUGHUN_570E296N_S	15845
GHURAYZ_394E353N_S	QASABA_397E350N_S	40535
GHURAYZ_394E353N_S	RUSAFA_387E356N_S	69765
GHURRABA_373E313N_S	MUHDATHA_371E315N_S	23890
GHURRABA_373E313N_S	NABK_374E312N_S	21272
GHUZZA_010E361N_S	ROUTPOINT1205_011E359N_O	13467
GHUZZA_010E361N_S	TAJANNA_013E363N_S	36332
GHUZZA_019W350N_S	JARAWAABUAYSH_022W350N_S	33944
HABRA_350E315N_S	ROUTPOINT0102_353E313N_O	42055
HABRA_350E315N_S	ROUTPOINT0103_350E315N_O	5024
HADATH_375E377N_S	HISNMANSUR_380E378N_S	48884
HADATH_375E377N_S	MARASH_369E375N_S	55151
HADATH_375E377N_S	ZIBATRA_379E380N_S	52459
HADITHA_433E360N_S	MARJJUHAYNA_432E361N_S	21530
HADUTHA_483E285N_S	KAZIMA_479E292N_S	97096
HAFARABUMUSA_459E284N_S	NIBAJ_444E263N_S	281601
HAFDAR_561E363N_S	MURJAN_556E363N_S	41449
HAFIT_558E238N_S	SUHAR_566E243N_S	100526
HAFIT_558E238N_S	TUAM_557E241N_S	34222
HAJARNASR_039W352N_S	ROUTPOINT1209_038W351N_O	7034
HAJIR_417E259N_S	MADINNAQIRA_415E255N_S	51626
HAJIR_417E259N_S	SAMIRA_420E264N_S	57349
HAJR_467E246N_S	ROUTPOINT0709_428E238N_O	471004
HAJR_467E246N_S	SULAYMA_473E241N_S	84779
HALAB_371E361N_S	MANBIJ_379E365N_S	81800
HALAB_371E361N_S	QINNASRIN_370E359N_S	28156
HALAWARD_687E378N_S	LAWAKAND_690E379N_S	28173
HALIMAN_222E327N_S	JUBBMAYDAN_233E321N_S	134002
HALI_413E186N_S	QANAWNA_411E191N_S	60546
HAMADHAN_485E347N_S	JURAB_489E342N_S	70866
HAMADHAN_485E347N_S	ROUTPOINT0503_491E354N_O	96459
HAMADHAN_485E347N_S	ROUTPOINT0509_486E344N_O	33028
HAMADHAN_485E347N_S	RUDHRAWAR_483E346N_S	25229
HAMADHAN_485E347N_S	ZAFARANIYYA_484E348N_S	15973
HAMAD_506E247N_S	JULLAFAR_559E257N_S	667395
HAMAD_506E247N_S	UQAYR_502E255N_S	105066
HAMA_367E351N_S	RASTAN_367E349N_S	21365
HAMA_367E351N_S	SAWWARAN_367E352N_S	17921
HAMA_367E351N_S	SHAYZAR_365E352N_S	24738
HAMMAMIBNUMAR_443E323N_S	JISRSURA_443E326N_S	28421
HAMMAMIBNUMAR_443E323N_S	SHAHI_443E322N_S	16319
HAMMA_081E340N_S	QAFSA_088E344N_S	70569
HAMMA_081E340N_S	TAWZIR_081E339N_S	14137
HANIYYARUM_288E308N_S	TAHUNA_283E308N_S	52475
HAQL_350E292N_S	SHARAFDHUNAML_351E289N_S	40262
HARA_544E301N_S	KHAWARISTAN_540E299N_S	37979
HARA_544E301N_S	RADHAN_547E301N_S	32482
HARA_621E343N_S	KARUKH_625E344N_S	40608
HARA_621E343N_S	MALIN_621E341N_S	17119
HARA_621E343N_S	ROUTPOINT1703_621E343N_O	4462
HARBA_441E339N_S	UKBARA_442E338N_S	11999
HARRAN_390E368N_S	RASAYN_400E368N_S	90447
HARRAN_390E368N_S	ROUTPOINT0203_392E364N_O	54209
HARRAN_390E368N_S	ROUTPOINT0205_390E368N_O	3002
HARRAN_390E368N_S	TALLMAHRA_391E366N_S	29699
HARUNIYYA_450E339N_S	JALULA_451E341N_S	24852
HARURI_623E312N_S	RIBATKARUDIN_631E313N_S	73760
HARURI_623E312N_S	SARUZAN_621E311N_S	26548
HASANIYYA_427E371N_S	MALATHAYA_429E368N_S	44039
HASANIYYA_427E371N_S	THAMANIN_426E373N_S	24460
HASHIMJIRD_670E376N_S	TIRMIDH_673E372N_S	53382
HASHIYYA_398E314N_S	KHANFAS_407E314N_S	89826
HASHIYYA_398E314N_S	QURAKIR_377E313N_S	197993
HAWDHAJIB_554E335N_S	HULWAN_562E339N_S	97644
HAWDHAJIB_554E335N_S	JARMAQ_549E335N_S	47486
HAWD_587E319N_S	RASMA_588E324N_S	61550
HAWMAZUTT_497E310N_S	KHABARAN_498E309N_S	13558
HAWMAZUTT_497E310N_S	RAMHURMUZ_496E312N_S	28813
HAWZAN_629E359N_S	QASRAHNAF_632E357N_S	32230
HAYYABDALLAH_244E318N_S	JIYADSAGHIR_239E319N_S	51605
HAYYABDALLAH_244E318N_S	MARJSHAYKH_248E316N_S	38479
HAZARASB_610E412N_S	KARDARANKHAS_606E413N_S	37083
HAZAR_524E299N_S	MAIN_526E301N_S	31405
HAZAR_524E299N_S	SHIRAZ_525E296N_S	39221
HIJRSALIH_379E268N_S	QURH_379E265N_S	34347
HIJRSALIH_379E268N_S	TAYMA_385E275N_S	101924
HIMS_367E347N_S	JUSIYA_365E344N_S	36853
HIMS_367E347N_S	RASTAN_367E349N_S	21919
HIMS_367E347N_S	ROUTPOINT0122_359E348N_O	89688
HIMS_367E347N_S	SHAMSIN_367E345N_S	23059
HIRA_443E320N_S	KUFA_443E320N_S	2984
HIRA_443E320N_S	NAJAF_443E319N_S	5055
HIRA_443E320N_S	QUTQUTANA_438E319N_S	53152
HIRA_443E320N_S	RUHAYMA_439E318N_S	43853
HISNBADRA_514E333N_S	QASHAN_515E339N_S	66044
HISNBADRA_514E333N_S	RIBATIBNRUSTAM_514E330N_S	36442
HISNBULKUNA_042W378N_S	JAYYAN_038W377N_S	38873
HISNBULKUNA_042W378N_S	ROUTPOINT1406_044W377N_O	27817
HISNBULKUNA_042W378N_S	ROUTPOINT1409_047W378N_O	44020
HISNMAHDI_483E305N_S	ROUTPOINT0303_481E304N_O	20884
HISNMAHDI_483E305N_S	SUQARBAA_485E309N_S	49812
HISNMANSUR_380E378N_S	ROUTPOINT0207_380E379N_O	9514
HISNMANSUR_380E378N_S	SUMAYSAT_385E375N_S	55795
HISNMASLAMA_390E363N_S	ROUTPOINT0203_392E364N_O	19498
HISNMASLAMA_390E363N_S	ROUTPOINT0204_390E361N_O	31573
HISNMASLAMA_390E363N_S	TALLMAHRA_391E366N_S	26487
HISNZIYAD_392E387N_S	KAMAKH_390E395N_S	101837
HISNZIYAD_392E387N_S	MALATIN_383E383N_S	94239
HISNZIYAD_392E387N_S	SHIMSHAT_398E386N_S	56561
HIT_428E336N_S	NAWUSA_426E338N_S	28115
HIT_428E336N_S	RABB_432E334N_S	51101
HIT_428E336N_S	SUWA_378E337N_S	472698
HULBUK_698E378N_S	MUNK_696E383N_S	57046
HULBUK_698E378N_S	ROUTPOINT1708_698E376N_O	27135
HULBUK_698E378N_S	ROUTPOINT1709_695E375N_O	41116
HULWAN_459E344N_S	MADHARWISTAN_460E344N_S	11256
HULWAN_459E344N_S	QASRSHIRIN_456E344N_S	28641
HULWAN_459E344N_S	SHAHRAZUR_460E352N_R	91493
HULWAN_459E344N_S	SIRAWAN_468E335N_S	139976
HULWAN_562E339N_S	NUJAY_564E341N_S	30751
HURMUZFARRAH_616E376N_S	KHARAQ_618E376N_S	24706
HURMUZ_569E270N_S	JAKIN_574E272N_S	61719
HURMUZ_569E270N_S	ROUTPOINT0604_563E272N_O	62048
HUSAYNABADH_579E361N_S	SABZAWAR_576E361N_S	23584
HUSAYN_407E356N_S	MIKISIN_407E357N_S	14176
HUSAYN_407E356N_S	SUWWAR_406E354N_S	15235
HUSA_420E317N_S	JAM_414E316N_S	57811
IDHAJ_498E318N_S	RUSTAJIRD_502E317N_S	44945
IKHNA_307E315N_S	NASTARAWA_307E314N_S	8565
IMMARA_431E253N_S	RAMA_434E257N_S	53999
IMMARA_431E253N_S	TIKHFA_430E249N_S	48462
ISBAHAN_516E326N_S	KHUNAJAN_502E331N_S	148149
ISBAHAN_516E326N_S	MARJWA-ZAHR_509E330N_S	80613
ISBAHAN_516E326N_S	ROUTPOINT0506_517E327N_O	15714
ISBAHAN_516E326N_S	ROUTPOINT0508_516E326N_O	6598
ISBAHAN_516E326N_S	SAKSH_521E326N_S	46243
ISBIDH_599E299N_S	NARMASIR_586E289N_S	175564
ISBIDH_599E299N_S	QARYASALM_592E312N_S	180247
ISBIDH_599E299N_S	RAMASHAHRISTAN_612E303N_S	129546
ISBIJAB_697E422N_S	JARKARD_698E420N_S	23546
ISBIJAB_697E422N_S	SUBANIKATH_688E423N_S	74895
ISHBILIYYA_059W374N_S	LABLA_066W373N_S	63240
ISHBILIYYA_059W374N_S	MAWRUR_054W371N_S	52417
ISHBILIYYA_059W374N_S	QARMUNA_056W374N_S	28964
ISHBILIYYA_059W374N_S	ROUTPOINT1402_057W367N_O	74306
ISHBILIYYA_059W374N_S	ROUTPOINT1403_057W376N_O	31494
ISHTIKHAN_668E399N_S	SAMARQAND_670E396N_S	33436
ISKANDARIYYA_299E311N_S	KARYUN_301E311N_S	22996
ISKANDARIYYA_299E311N_S	RASHID_303E314N_S	52878
ISKANDARUNA_361E365N_S	ROUTPOINT0119_362E363N_O	24455
ISTAKHR_529E299N_S	KALWADHAR_531E298N_S	25560
ISTAKHR_529E299N_S	QARYAIBNBUNDAR_530E301N_S	21271
ISTAKHR_529E299N_S	RAKAN_527E297N_S	28225
ISTIJA_051W375N_S	MALIQA_044W367N_S	109758
ISTIJA_051W375N_S	ROUTPOINT1404_049W375N_O	13385
ISTIJA_051W375N_S	ROUTPOINT1405_051W375N_O	7466
ISTIJA_051W375N_S	ROUTPOINT1410_047W378N_O	46973
ITIL_480E462N_S	ROUTPOINT1802_466E437N_O	352376
ITIL_480E462N_S	ROUTPOINT1803_499E530N_O	861693
JABALA_359E353N_S	LADHIQIYYA_358E355N_S	22625
JABALFIDDA_614E353N_S	ROUTPOINT1703_621E343N_O	126585
JABALFIDDA_614E353N_S	SARAKHS_611E365N_S	137344
JABALUYUN_069W374N_S	LABLA_066W373N_S	29341
JABALUYUN_069W374N_S	LAB_072W372N_S	28169
JABBUL_457E325N_S	NUMANIYYA_454E325N_S	28799
JABBUL_457E325N_S	ROUTPOINT0301_457E325N_O	2212
JABILTA_437E346N_S	SUDAQANIYYA_436E348N_S	24890
JABIYA_360E329N_S	JASIM_360E329N_S	6380
JABIYA_360E329N_S	NAWA_360E328N_S	5016
JABRAWAN_456E369N_S	ROUTPOINT1609_461E372N_O	55154
JABRAWAN_456E369N_S	URMIYA_450E375N_S	79868
JADILA_429E240N_S	ROUTPOINT0709_428E238N_O	34606
JAFARABADH_518E311N_S	KALLAR_519E307N_S	57353
JAFARABADH_518E311N_S	SUMAYRAM_518E313N_S	18092
JAHRAM_535E285N_S	KARZIN_531E284N_S	42786
JAJISTAN_704E405N_S	SAMGHAR_702E404N_S	21112
JAJISTAN_704E405N_S	TUNKATH_702E410N_S	57806
JAJISTAN_704E405N_S	TURMUGHAN_708E407N_S	45867
JAKIN_574E272N_S	MANUQAN_575E274N_S	32651
JALQ_626E276N_S	KHAWASH_618E277N_S	86647
JALQ_626E276N_S	MASHKA_639E274N_S	131083
JALULA_098E357N_S	QAYRAWAN_101E357N_S	26866
JALULA_098E357N_S	ROUTPOINT1214_094E358N_O	40544
JALULA_451E341N_S	KHANIQIN_454E343N_S	36179
JAMM_523E278N_S	MAH_522E280N_S	29201
JAMM_523E278N_S	SIRAF_523E276N_S	14296
JAM_414E316N_S	KHATTA_407E316N_S	72043
JANAD_441E136N_S	THUJJA_441E139N_S	32530
JANNABA_505E296N_S	SANJAHAN_503E297N_S	21332
JANNABA_505E296N_S	TAWWAZ_510E294N_S	53019
JANZARUDH_569E306N_S	ZARAND_565E308N_S	36713
JANZA_463E408N_S	ROUTPOINT1612_471E405N_O	77646
JANZA_463E408N_S	SHAMKUR_460E409N_S	34185
JARAWAABUAYSH_022W350N_S	ROUTPOINT1207_023W350N_O	8913
JARBADHAQAN_502E333N_S	QANUWAN_506E332N_S	39060
JARBA_381E304N_S	NABK_374E312N_S	102229
JARJARAYA_453E327N_S	NUMANIYYA_454E325N_S	19012
JARKAN_517E300N_S	KHARRARA_519E300N_S	23334
JARKAN_517E300N_S	QALAJISS_516E301N_S	16735
JARKARD_698E420N_S	KHARGHANKATH_696E415N_S	50680
JARMAQ_549E335N_S	KUSHKAN_533E327N_S	182058
JARMAQ_549E335N_S	NAIN_531E328N_S	195079
JARMAQ_549E335N_S	ROUTPOINT0607_553E331N_O	66084
JARMJUWI_540E359N_S	RIBATALIYYABADH_537E357N_S	39045
JARMWA_547E286N_S	RUSTAQ_551E284N_S	34005
JARNAN_396E379N_S	ROUTPOINT0209_396E380N_O	8789
JARUD_367E338N_S	QARYATAN_372E342N_S	65632
JARUD_367E338N_S	QUTAYYIFA_366E337N_S	14757
JARUJIRD_618E375N_S	MARW_621E376N_S	27644
JAR_385E238N_S	YANBU_381E241N_S	52691
JASHSH_354E330N_S	JUBBYUSUF_355E329N_S	14015
JASHSH_354E330N_S	ROUTPOINT0116_354E331N_O	10026
JASIM_360E329N_S	ROUTPOINT0121_362E333N_O	42594
JAYIMAND_598E350N_S	MALIN_602E349N_S	40887
JAYIMAND_598E350N_S	SANKAN_594E350N_S	40896
JAYZAN_498E308N_S	KHABARAN_498E309N_S	9686
JAZAN_425E168N_S	ROUTPOINT0805_427E167N_O	22352
JAZAN_425E168N_S	ROUTPOINT0806_425E170N_O	12821
JAZIRABANUZAGHANNAYA_030E367N_S	MARSADAJJAJ_035E367N_S	46686
JAZIRABANUZAGHANNAYA_030E367N_S	MATTIJA_028E365N_S	27242
JAZIRAIBNUMAR_421E372N_S	TALLFAFAN_417E377N_S	67993
JAZIRAIBNUMAR_421E372N_S	THAMANIN_426E373N_S	40212
JAZIRAJABALTARIQ_053W361N_S	ROUTPOINT1401_053W362N_O	11445
JIBAL_416E362N_S	MIKISIN_407E357N_S	99000
JIBAL_416E362N_S	SINJAR_418E363N_S	26341
JIBAL_416E362N_S	SUKAYRABBAS_405E352N_S	145730
JIJIL_057E367N_S	ROUTPOINT1218_052E365N_O	47899
JIKAM_647E395N_S	RIBATATIQ_650E394N_S	29140
JIKARBAND_623E402N_S	ROUTPOINT1717_624E402N_O	6158
JIKARBAND_623E402N_S	TAHIRIYYA_625E398N_S	50449
JINANJAKATH_691E409N_S	ROUTPOINT1716_694E411N_O	33536
JINANJAKATH_691E409N_S	SUTURKATH_688E408N_S	23543
JIRANJ_622E374N_S	MARW_621E376N_S	22266
JIRUFT_578E286N_S	KHABR_563E288N_S	157336
JIRUFT_578E286N_S	MAGHUN_577E279N_S	81481
JIRUNDA_028E419N_S	TURTUSHA_006E407N_S	237241
JIRUQAN_564E280N_S	KASHISTAN_562E281N_S	19666
JIRUQAN_564E280N_S	MARZAQAN_567E279N_S	29014
JISRJAHANNAM_502E314N_S	LURDAJAN_507E315N_S	57823
JISRKUTHA_443E328N_S	NAHRMALIK_443E330N_S	19699
JISRKUTHA_443E328N_S	QASRIBNHUBAYRA_443E327N_S	19236
JISRMANBIJ_382E366N_S	MANBIJ_379E365N_S	28700
JISRMANBIJ_382E366N_S	SARUJ_384E369N_S	39749
JISRMANBIJ_382E366N_S	TALLABDA_387E366N_S	45658
JISRSAMUR_484E418N_S	SHABARAN_487E412N_S	72177
JISRSURA_443E326N_S	QASRIBNHUBAYRA_443E327N_S	6649
JISRSURA_443E326N_S	SUQASAD_442E324N_S	19635
JIYADSAGHIR_239E319N_S	JUBBMAYDAN_233E321N_S	65425
JIZAH_623E319N_S	QARNIN_622E315N_S	53228
JIZA_312E300N_S	MANF_312E298N_S	18336
JIZA_312E300N_S	QASR_312E300N_S	4147
JUBANAN_534E297N_S	ROUTPOINT0609_532E298N_O	17453
JUBAYL_356E341N_S	JUNIYYA_356E339N_S	16854
JUBBAWSAJ_273E310N_S	RAMADA_276E310N_S	29740
JUBBAWSAJ_273E310N_S	SIKKAHAMMAM_267E311N_S	53425
JUBBA_401E318N_S	KHATTA_407E316N_S	54723
JUBBA_401E318N_S	ROUTPOINT0907_398E320N_O	38612
JUBBHAMMAD_632E385N_S	RIBATBARIS_633E388N_S	31462
JUBBHAMMAD_632E385N_S	RIBATNASRAK_629E383N_S	35094
JUBBYUSUF_355E329N_S	ROUTPOINT0117_355E332N_O	34039
JUBBYUSUF_355E329N_S	TABARIYYA_355E327N_S	17413
JUDDA_391E214N_S	LITH_403E201N_S	193053
JUDDA_391E214N_S	QURAYN_395E214N_S	43599
JUDDA_391E214N_S	ROUTPOINT0702_392E224N_O	107479
JUHFA_391E226N_S	ROUTPOINT0702_392E224N_O	24944
JUHFA_391E226N_S	ROUTPOINT0703_391E228N_O	24394
JULLAB_389E374N_S	RUHA_388E371N_S	30874
JULLAFAR_559E257N_S	ROUTPOINT0705_559E253N_O	42269
JULSHUB_724E428N_S	KULAN_729E428N_S	36432
JULSHUB_724E428N_S	KULSHUB_721E428N_S	32250
JUL_747E428N_S	KHARANJAWAN_745E428N_S	20349
JUL_747E428N_S	SARIGH_752E428N_S	38872
JUNAYNA_371E279N_S	MUHDATHA_374E277N_S	33608
JUNAYNA_371E279N_S	ROUTPOINT0909_370E280N_O	18439
JUNBADHMALLAGHAN_508E302N_S	ROUTEPOINTS0699_505E304N_O	37768
JUNDAYSABUR_485E322N_S	SUS_482E322N_S	28716
JUNDAYSABUR_485E322N_S	TUSTAR_488E320N_S	41333
JUNIYYA_356E339N_S	ROUTPOINT0118_355E339N_O	11446
JURAB_489E342N_S	RAMAN_486E342N_S	23922
JURAB_489E342N_S	ROUTPOINT0510_491E340N_O	33543
JURASIYYAT_308E303N_S	ROUTPOINT1004_309E303N_O	3105
JURASIYYAT_308E303N_S	TARNUT_308E304N_S	10484
JURJANIYYASUGHRA_593E422N_S	JURJANIYYA_592E424N_S	20386
JURJANIYYASUGHRA_593E422N_S	NUZWAR_593E420N_S	33118
JURJANIYYASUGHRA_593E422N_S	ZAMAKHSHAR_597E422N_S	34258
JURJANIYYA_592E424N_S	MAZDAKHKAN_595E423N_S	24723
JURJANIYYA_592E424N_S	RIBATABUSAHL_574E401N_S	301487
JURJIR_321E309N_S	ROUTPOINT1003_319E307N_O	26335
JUR_525E288N_S	KUWAR_526E292N_S	44383
JUSIYA_365E344N_S	LABWA_363E341N_S	35926
JUWAYMABUAHMAD_539E281N_S	KARB_542E282N_S	29666
JUWAYMABUAHMAD_539E281N_S	KARYAN_537E280N_S	27220
JUWAYM_522E298N_S	KHULLAR_521E299N_S	16260
JUWAYM_522E298N_S	SHIRAZ_525E296N_S	36566
JUWAYN_616E317N_S	KARKUYAH_617E312N_S	55382
JUWIQAN_598E429N_S	KARDAR_597E428N_S	17689
JUWIQAN_598E429N_S	QARYABARATIKIN_599E431N_S	27830
JUWISULAYMAN_581E281N_S	MAGHUN_577E279N_S	42990
JUWISULAYMAN_581E281N_S	NARMASIR_586E289N_S	111809
KABUL_352E328N_S	TABARIYYA_355E327N_S	29917
KABUL_691E345N_S	SAKAWAND_687E340N_S	66613
KABUZANJAKATH_671E397N_S	SAMARQAND_670E396N_S	12196
KADAR_683E426N_S	SHAWAGHAR_683E432N_S	65248
KADAR_683E426N_S	SUBANIKATH_688E423N_S	57958
KADRUWA_546E291N_S	NAYRIZ_542E292N_S	46562
KADRUWA_546E291N_S	ZARUDUWA_548E294N_S	33133
KAFARSABA_348E321N_S	LUDD_348E319N_S	24907
KAFARSABA_348E321N_S	QALANSUWA_349E322N_S	16095
KAFARSABA_348E321N_S	QAYSARIYYA_348E324N_S	35684
KAFARTAB_366E355N_S	MAARRANUMAN_366E356N_S	16624
KAFARTAB_366E355N_S	SHAYZAR_365E352N_S	28741
KAFARTUTHA_404E369N_S	QASRIBNNAZI_403E374N_S	48631
KAFARTUTHA_404E369N_S	RASAYN_400E368N_S	38003
KAFARTUTHA_404E369N_S	ROUTPOINT0208_407E371N_O	30850
KAFRAH_524E295N_S	KUWAR_526E292N_S	39800
KAFRAH_524E295N_S	SHIRAZ_525E296N_S	13189
KAHAMANDA_531E302N_S	QARYABIDH_531E306N_S	39862
KAHAMANDA_531E302N_S	QARYAIBNBUNDAR_530E301N_S	23715
KAHDA_520E353N_S	KHUWAR_524E352N_S	35488
KAHUN_553E288N_S	KHUSHNABADH_552E287N_S	20774
KAHUN_553E288N_S	SIRJAN_557E294N_S	77784
KAH_677E352N_S	MADHAR_678E353N_S	19011
KAJ_513E349N_S	QUMM_509E346N_S	49296
KALAR_510E364N_S	SHALUS_514E366N_S	36476
KALAR_510E364N_S	TALAQAN_508E361N_S	44789
KALIF_663E373N_S	MAHALLAQAYYASIN_668E374N_S	52776
KALLAR_519E307N_S	KURD_519E306N_S	6633
KALWADHAR_531E298N_S	ZIYADABADHZIYADAWADH_532E298N_S	7343
KANAISHADID_279E309N_S	RAMADA_276E310N_S	33580
KANAISHADID_279E309N_S	TAHUNA_283E308N_S	34558
KANBAYA_725E223N_S	QAMUHUL_717E236N_S	165635
KANBAYA_725E223N_S	SANDAN_730E199N_S	331345
KANBAYA_725E223N_S	WUJAYN_757E232N_S	379830
KANDAK_667E383N_S	KISHSH_668E390N_S	80510
KANDAK_667E383N_S	SUNAJ_662E385N_S	52241
KANDARAM_646E353N_S	YAHUDIYYA_648E359N_S	70465
KAND_705E402N_S	ROUTPOINT1715_705E404N_O	18974
KAND_705E402N_S	ROUTPOINT1726_696E402N_O	73920
KANISA_349E327N_S	QAYSARIYYA_348E324N_S	28876
KANJABADH_639E357N_S	TALAQAN_642E357N_S	25160
KARAH_613E344N_S	KUSUWI_611E346N_S	26775
KARAJ_495E338N_S	ROUTPOINT0510_491E340N_O	41597
KARA_531E307N_S	QARYABIDH_531E306N_S	12737
KARA_531E307N_S	SARMAQ_527E310N_S	49636
KARB_542E282N_S	KHASU_544E285N_S	36892
KARDARANKHAS_606E413N_S	KHIWAH_603E413N_S	29029
KARDAR_597E428N_S	MAZDAKHKAN_595E423N_S	51762
KARDIZ_691E336N_S	ROUTPOINT1901_706E300N_O	515204
KARDIZ_691E336N_S	UGH_698E339N_S	77213
KARKH_438E342N_S	SAMARRA_438E342N_S	9957
KARKH_443E333N_S	SARSAR_443E331N_S	23337
KARKUYAH_617E312N_S	ROUTPOINT1917_617E309N_O	40139
KARKUYA_040W388N_S	MALAQUN_039W391N_S	42842
KARKUYA_040W388N_S	QALARABAH_037W388N_S	26660
KARKUYA_040W388N_S	QURTUBA_047W379N_S	140240
KARMIINIYYA_654E401N_S	KHUDIMANKAN_655E401N_S	15860
KARMIINIYYA_654E401N_S	TAWAWIS_647E400N_S	56110
KARUKH_625E344N_S	RIBATMAYANAH_627E345N_S	21472
KARU_516E317N_S	KHANLANJAN_515E324N_S	71582
KARU_516E317N_S	QUMISA_518E320N_S	29027
KARU_516E317N_S	ROUTPOINT0603_517E316N_O	17093
KARWAN_718E414N_S	KASAN_716E412N_S	32463
KASAN_716E412N_S	ROUTPOINT1724_714E409N_O	32799
KASBA_655E389N_S	ROUTPOINT1720_654E389N_O	12432
KASBA_655E389N_S	ROUTPOINT1721_657E389N_O	14681
KASHAN_645E358N_S	TALAQAN_642E357N_S	33313
KASHAN_645E358N_S	YAHUDIYYA_648E359N_S	27540
KASHISTAN_562E281N_S	TARIM_558E281N_S	50252
KATANA_102E336N_S	QABIS_100E338N_S	26300
KATH_537E293N_S	KHAYAR_539E292N_S	25827
KATH_537E293N_S	KHURRAMA_533E295N_S	44255
KATH_607E417N_S	SHURAKHAN_609E415N_S	31409
KAZANNAYA_039W346N_S	ROUTPOINT1209_038W351N_O	59997
KAZANNAYA_039W346N_S	ROUTPOINT1210_038W342N_O	45021
KAZARUN_516E296N_S	KHURRA_519E292N_S	53810
KAZIMA_479E292N_S	QARA_468E274N_S	235877
KHABIS_577E304N_S	MAHAN_573E301N_S	64531
KHABR_563E288N_S	ROUTPOINT0610_562E290N_O	27817
KHAFIYYA_396E319N_S	ROUTPOINT0906_392E321N_O	48627
KHAFIYYA_396E319N_S	ROUTPOINT0907_398E320N_O	14258
KHAFIYYA_396E319N_S	UJAYFIR_387E316N_S	98661
KHAKISAR_596E360N_S	QASRRIH_591E360N_S	49084
KHAKISAR_596E360N_S	SAHIH_601E361N_S	47501
KHALAT_413E320N_S	ROUTPOINT0907_398E320N_O	146875
KHALIJBANUJUMAY_408E345N_S	WADISIBA_409E344N_S	15498
KHANASAD_522E295N_S	SHIRAZ_525E296N_S	32291
KHANFAS_407E314N_S	QURAY_417E315N_S	97657
KHANIQIN_454E343N_S	QASRSHIRIN_456E344N_S	23547
KHANLANJAN_515E324N_S	RIBATBARAKAN_512E320N_S	54826
KHANLANJAN_515E324N_S	ROUTPOINT0508_516E326N_O	29046
KHANMIM_528E293N_S	KHAWARISTAN_532E292N_S	32572
KHANMIM_528E293N_S	QARYARUMMAN_528E293N_S	10199
KHANNAB_567E298N_S	ROUTPOINT0605_565E298N_O	12802
KHANRUSHAN_520E312N_S	MAS_519E314N_O	23696
KHANRUSHAN_520E312N_S	QASRAIN_524E308N_S	62969
KHANRUSH_517E322N_S	QUMISA_518E320N_S	27168
KHANRUSH_517E322N_S	ROUTPOINT0508_516E326N_O	44481
KHANUQA_398E357N_S	MUBARAK_398E355N_S	19029
KHANUQA_398E357N_S	QARQISIYYA_404E351N_S	89364
KHANUQA_398E357N_S	RAQQA_390E359N_S	73149
KHANUQA_398E357N_S	ROUTPOINT0203_392E364N_O	89175
KHARAIBABUHALIMA_255E314N_S	KHIRBAQAWM_261E313N_S	58036
KHARANJAWAN_745E428N_S	NUSHKATH_742E427N_S	24398
KHARAQANA_675E399N_S	NUJAKATH_677E399N_S	13001
KHARAQANA_675E399N_S	RIBATSAD_677E398N_S	18529
KHARAQ_618E376N_S	MARW_621E376N_S	19574
KHARGHANKATH_696E415N_S	NUJAKATH_695E414N_S	26601
KHARKIRD_601E343N_S	MALIN_602E349N_S	74288
KHARKIRD_601E343N_S	SALUMAK_599E346N_S	41022
KHARKIRD_601E343N_S	ZUZAN_598E343N_S	27935
KHARRARA_519E300N_S	KHULLAR_521E299N_S	25683
KHASHM_491E374N_S	KUHANRUDH_490E377N_S	37946
KHASHM_491E374N_S	SHALUS_514E366N_S	232078
KHASHT_513E295N_S	SHAHRASTAN_515E298N_S	42257
KHASHT_513E295N_S	TAWWAZ_511E294N_S	19734
KHASH_705E410N_S	KHAYLAM_709E411N_S	41213
KHASH_705E410N_S	TUNKATH_702E410N_S	25992
KHASUF_428E166N_S	ROUTPOINT0803_431E161N_O	69569
KHASUF_428E166N_S	ROUTPOINT0804_428E164N_O	26107
KHASUF_428E166N_S	URSH_428E169N_S	33029
KHAWADHAN_515E302N_S	NUBANDAJAN_515E301N_S	13581
KHAWARISTAN_532E292N_S	RIBAT_534E291N_S	29708
KHAWARISTAN_540E299N_S	RASDUNYA_537E300N_S	30100
KHAWASH_618E277N_S	SARAYSHAHR_597E281N_S	226565
KHAWASH_627E314N_S	QARNIN_622E315N_S	51157
KHAWASH_627E314N_S	RIBATKARUDIN_631E313N_S	39019
KHAWAS_688E402N_S	ZAMIN_684E399N_S	45167
KHAWRKAF_087E361N_S	LURBUS_088E361N_S	13673
KHAWRKAF_087E361N_S	ROUTPOINT1212_084E367N_O	71188
KHAWST_588E327N_S	KHUR_584E329N_S	45994
KHAWST_588E327N_S	KUKUR_588E326N_S	17607
KHAWST_588E327N_S	ROUTPOINT0606_579E326N_O	96005
KHAYAR_539E292N_S	NAYRIZ_542E292N_S	33783
KHAYLAM_709E411N_S	WANKATH_708E409N_S	25095
KHAYM_395E223N_S	KHULAYS_394E221N_S	34920
KHAYM_395E223N_S	ROUTPOINT0704_391E229N_O	81073
KHAYM_395E223N_S	USFAN_394E218N_S	57969
KHAYSAR_673E324N_S	RIBATSARAB_663E318N_S	114423
KHAYSAR_673E324N_S	ROUTPOINT1918_679E330N_O	89611
KHAZANA_546E323N_S	SAGHAND_552E325N_S	58804
KHIRBAQAWM_261E313N_S	QASRSHAMMAS_263E313N_S	24538
KHUJADAH_642E398N_S	MAGHKAN_641E398N_S	11367
KHUJANDA_696E402N_S	ROUTPOINT1714_692E400N_O	39722
KHUJANDA_696E402N_S	ROUTPOINT1726_696E402N_O	3697
KHUJAN_584E369N_S	NASA_582E378N_S	108220
KHUJAN_584E369N_S	NAYSABUR_587E361N_S	98267
KHULAYS_394E221N_S	ROUTPOINT0702_392E224N_O	39149
KHULAYS_394E221N_S	USFAN_394E218N_S	25425
KHULM_677E367N_S	SIMINJAN_680E362N_S	70146
KHULM_677E367N_S	WARWALIJ_688E367N_S	108521
KHUNAJ_472E373N_S	KULSARA_470E373N_S	22605
KHUNAJ_472E373N_S	MAYANIJ_477E374N_S	44408
KHUNAN_455E413N_S	QALAIBNKANDAMAN_451E415N_S	34523
KHUNAN_455E413N_S	SHAMKUR_460E409N_S	66223
KHURRA_519E292N_S	SHIRAZ_525E296N_S	76588
KHUR_584E329N_S	ROUTPOINT0606_579E326N_O	67403
KHUSHNABADH_552E287N_S	RUSTAQ_551E284N_S	30198
KHUSHUNUBA_079W370N_S	LAB_072W372N_S	66710
KHUSHUNUBA_079W370N_S	MADINASHALAB_084W372N_S	50280
KHUSIKAN_524E305N_S	MAIN_526E301N_S	40274
KHUSIKAN_524E305N_S	QASRAIN_524E308N_S	35510
KHUSRAWJIRD_574E361N_S	MAZINAN_569E362N_S	49241
KHUSRAWJIRD_574E361N_S	SABZAWAR_576E361N_S	17587
KHUWAKAND_710E405N_S	ROUTPOINT1715_705E404N_O	42541
KHUWAKAND_710E405N_S	ROUTPOINT1723_711E407N_O	26981
KHUWAR_524E352N_S	QARYAMILH_526E352N_S	20734
KHUWI_449E385N_S	MARAND_458E384N_S	72995
KHUWI_449E385N_S	NASHAWA_453E393N_S	98347
KHUWI_449E385N_S	SALAMAS_448E382N_S	43412
KHUZAYMIYYA_431E279N_S	THALABIYYA_431E282N_S	43466
KIJ_630E260N_S	ROUTPOINT1907_652E262N_O	219748
KILABA_360E275N_S	SAGHB_364E271N_S	53334
KIRAND_523E284N_S	MAH_522E280N_S	41982
KIRAND_523E284N_S	RAYKAN_526E285N_S	33003
KISHSH_623E301N_S	ROUTPOINT1919_623E301N_O	4832
KISHSH_668E390N_S	NAWKAD_662E388N_S	54401
KISHSH_668E390N_S	ROUTPOINT1713_663E386N_O	64430
KIZKANAN_665E290N_S	ROUTPOINT1914_665E293N_O	38353
KIZKANAN_665E290N_S	SURA_662E284N_S	68327
KUBAL_762E432N_S	NAWIKATH_758E430N_S	32768
KUBAN_328E231N_S	QASR_329E238N_S	88900
KUDAYY_418E205N_S	RANYA_421E203N_S	36577
KUDAYY_418E205N_S	SAFR_416E208N_S	38409
KUFA_443E320N_S	SHAHI_443E322N_S	24227
KUGHUN_570E296N_S	RAIN_574E296N_S	42181
KUHANRUDH_490E377N_S	SHAMAKHIYYA_486E406N_S	330438
KUHBARJAN_577E276N_S	MAGHUN_577E279N_S	35628
KUHBARJAN_577E276N_S	MANUQAN_575E274N_S	31707
KUHBAYAN_562E313N_S	KURI_571E333N_S	256061
KUHBAYAN_562E313N_S	ZARAND_565E308N_S	74129
KUKUR_588E326N_S	RASMA_588E324N_S	20764
KULAN_729E428N_S	MIRKI_731E428N_S	21655
KULSARA_470E373N_S	MARAGHA_462E373N_S	73424
KULSARA_470E373N_S	SARAT_475E379N_S	79151
KULSHUB_721E428N_S	NUSHAJANSUFLA_717E428N_S	32864
KUMIZ_572E277N_S	MANUQAN_575E274N_S	52792
KUMIZ_572E277N_S	WALASHJIRD_572E280N_S	23568
KUMSHARIK_307E306N_S	RAFIQA_307E306N_S	6689
KUMSHARIK_307E306N_S	TARNUT_308E304N_S	27218
KUNDUR_581E351N_S	RIBATZANJI_574E348N_S	70608
KUNDUR_581E351N_S	SABZAWAR_576E361N_S	128358
KUNDUR_581E351N_S	TURTHITH_584E351N_S	25963
KUNDUR_581E351N_S	YUNABIDH_586E342N_S	123379
KURAN_528E277N_S	SIRAF_523E276N_S	52461
KURDAKAN_556E297N_S	UNAS_559E302N_S	61593
KURD_519E306N_S	MIHRJANAWAZ_522E303N_S	44265
KURI_571E333N_S	TABASJILAKI_569E335N_S	37191
KURM_536E290N_S	RIBAT_534E291N_S	17645
KURT_058W345N_S	ROUTPOINT1211_053W341N_O	70755
KUSHKAN_533E327N_S	ROUTPOINT0608_529E326N_O	37847
KUSHMAYHAN_625E377N_S	MARW_621E376N_S	47323
KUSHMAYHAN_625E377N_S	RIBATHADID_628E380N_S	34396
KUSUWI_611E346N_S	ROUTPOINT1718_608E348N_O	37364
KUSWA_362E333N_S	ROUTPOINT0121_362E333N_O	3057
KUTHBA_429E184N_S	THUJJA_431E181N_S	41297
KUTHBA_429E184N_S	YABAMBAM_428E188N_S	47796
KUWASHAN_622E338N_S	MALIN_621E341N_S	37308
LADHIQIYYA_358E355N_S	SUWAYDIYYA_359E360N_S	69982
LAHJ_448E130N_S	ROUTPOINT0801_443E143N_O	170130
LAJJUN_352E326N_S	QALANSUWA_349E322N_S	44562
LAJJUN_352E326N_S	TABARIYYA_355E327N_S	30012
LASHTAR_482E338N_S	NIHAWAND_483E342N_S	43114
LASHTAR_482E338N_S	SABURKHASHT_483E334N_S	43820
LAWAKAND_690E379N_S	ROUTPOINT1710_692E381N_O	27324
LIBIRA_036W372N_S	ROUTPOINT1408_037W373N_O	16496
LISHBUNA_091W387N_S	MADAN_091W386N_S	14070
LISHBUNA_091W387N_S	SHANTARA_093W388N_S	20864
LITH_403E201N_S	SIRRAYN_407E198N_S	59054
LITH_403E201N_S	YALAMLAM_400E208N_S	79731
LUDD_348E319N_S	NABULUS_352E322N_S	48054
LUDD_348E319N_S	QALANSUWA_349E322N_S	38883
LUDD_348E319N_S	RAMLA_348E319N_S	4003
LURBUS_088E361N_S	ROUTPOINT1214_094E358N_O	65559
LURBUS_088E361N_S	UBBA_087E358N_S	35803
LURDAJAN_507E315N_S	RIBATBARAKAN_512E320N_S	100777
LURQA_017W376N_S	MURSIYA_011W379N_S	67546
LURQA_017W376N_S	WADIYASH_031W373N_S	136571
MAAB_357E312N_S	MUTA_356E310N_S	22507
MAADINZUMURRUDH_338E250N_O	ROUTPOINT1101_331E259N_O	123418
MAARRANUMAN_366E356N_S	QINNASRIN_370E359N_S	51068
MABARBADHAKHSHAN_699E375N_O	ROUTPOINT1708_698E376N_O	4805
MABARBADHAKHSHAN_699E375N_O	RUSTAQBIK_699E371N_S	56732
MADAIN_445E330N_S	SIB_448E329N_S	26550
MADALLIN_059W389N_S	ROUTPOINT1412_059W389N_O	4306
MADALLIN_059W389N_S	ROUTPOINT1416_052W384N_O	80248
MADAN_091W386N_S	QASRBANUWARDAS_084W383N_S	74216
MADHARWISTAN_460E344N_S	MARJ_462E343N_S	22231
MADHAR_473E314N_S	ROUTPOINT0302_474E309N_O	67311
MADHAR_678E353N_S	ROUTPOINT1719_679E358N_O	51761
MADINAALAWIYYIN_016W347N_S	ROUTPOINT1208_027W345N_O	101075
MADINAALAWIYYIN_016W347N_S	TILIMSAN_013W348N_S	40692
MADINASALIM_024W411N_S	SARAQUSA_009W416N_S	140071
MADINASALIM_024W411N_S	WADIHIJARA_031W406N_S	101030
MADINASHALAB_084W372N_S	QASRBANUWARDAS_084W383N_S	134050
MADINA_396E244N_S	QUBA_395E244N_S	4504
MADINA_396E244N_S	TARAFA_400E245N_S	46014
MADINBANUSULAYM_408E235N_O	UFAYIYYA_407E230N_S	57718
MADINBANUSULAYM_408E235N_O	UMAQ_409E240N_S	55691
MADINNAQIRA_415E255N_S	MUGHITHAMAWAN_414E250N_S	63182
MADINNAQIRA_415E255N_S	ROUTPOINT0710_439E260N_O	248743
MADINNAQIRA_415E255N_S	USAYLA_407E250N_S	95759
MADYANSHUAYB_350E284N_S	SHARAFDHUNAML_351E289N_S	53772
MAGHKAN_641E398N_S	ROUTPOINT1722_639E399N_O	14418
MAGHMADASH_162E311N_S	QARYATAYN_164E311N_O	21681
MAGHMADASH_162E311N_S	QUSURHASSAN_158E312N_S	37096
MAGHUN_577E279N_S	WALASHJIRD_572E280N_S	52074
MAHALLAABUKHURASHA_306E310N_S	QARTASA_304E310N_S	17294
MAHALLAKABIRA_311E309N_S	ROUTPOINT1002_308E310N_O	26554
MAHALLAMAHRUM_309E307N_S	MAHALLASURAD_308E309N_S	20923
MAHALLAQAYYASIN_668E374N_S	TIRMIDH_673E372N_S	46690
MAHALLASURAD_308E309N_S	ROUTPOINT1002_308E310N_O	4476
MAHDIYYA_110E354N_S	QAYRAWAN_101E357N_S	87662
MAHJAM_430E152N_S	MAWR_428E157N_S	59636
MAHJAM_430E152N_S	SANA_442E153N_S	141166
MAHJARA_435E176N_S	NAJRAN_442E175N_S	84197
MAHJARA_435E176N_S	SHARURA_434E178N_S	30710
MAHLABIYYA_427E362N_S	SHAHHAJIYYA_429E362N_S	18180
MAHLABIYYA_427E362N_S	TALLAFAR_424E363N_S	27413
MAHRUBAN_502E300N_S	RISHAHR_502E303N_S	30664
MAHRUBAN_502E300N_S	SINIZ_502E299N_S	17121
MAHUZAZDUD_346E318N_S	MAHUZYUBNA_346E318N_S	7789
MAHUZAZDUD_346E318N_S	ROUTPOINT0111_346E318N_O	4489
MAHUZYUBNA_346E318N_S	ROUTPOINT0112_346E318N_O	2890
MAJDALSALIM_354E332N_S	ROUTPOINT0117_355E332N_O	11559
MAJDALSALIM_354E332N_S	SUR_352E332N_S	23480
MAKHADABALAT_060W398N_S	ROUTPOINT1413_065W397N_O	43934
MAKHADABALAT_060W398N_S	SAMMURA_057W414N_S	198534
MAKHADABALAT_060W398N_S	TALABIRA_048W399N_S	109336
MAKHADABALAT_060W398N_S	TARAJILA_059W394N_S	37582
MAKKA_398E213N_S	MINA_399E213N_S	11636
MAKKA_398E213N_S	QARN_402E214N_S	41136
MAKKA_398E213N_S	QURAYN_395E214N_S	27422
MAKKA_398E213N_S	TANIM_397E215N_S	17187
MAKKA_398E213N_S	YALAMLAM_400E208N_S	66635
MALAL_394E242N_S	SAYYALA_393E241N_S	14754
MALAQUN_039W391N_S	QALARABAH_037W388N_S	42905
MALATHAYA_429E368N_S	MAZARII_430E366N_S	21814
MALATIN_383E383N_S	ROUTPOINT0207_380E379N_O	56504
MALATIN_383E383N_S	ROUTPOINT0209_396E380N_O	129770
MALATIN_383E383N_S	SUMAYSAT_385E375N_S	102692
MALATIN_383E383N_S	ZIBATRA_379E380N_S	51670
MALAYAKIRD_602E354N_S	NUKDAH_600E356N_S	35821
MALAZKIRD_425E391N_S	MUSH_414E387N_S	105683
MALAZKIRD_425E391N_S	ROUTPOINT0211_430E389N_O	51499
MALAZKIRD_425E391N_S	SINNNUHAS_416E393N_S	82712
MALIN_602E349N_S	ROUTPOINT1718_608E348N_O	56147
MALIN_602E349N_S	SALUMAK_599E346N_S	46476
MALIN_650E368N_S	RIBATASTANA_649E366N_S	17766
MALIQA_044W367N_S	ROUTPOINT1401_053W362N_O	104591
MALIQA_044W367N_S	ROUTPOINT1411_030W367N_O	128407
MALLAHA_593E355N_S	ROUTPOINT1702_592E359N_O	48607
MALLAHA_593E355N_S	SANKAN_594E350N_S	55558
MAMATIR_527E365N_S	MILA_525E364N_S	18156
MAMATIR_527E365N_S	SARIYA_531E365N_S	33644
MANBIJ_379E365N_S	QURUS_369E367N_S	96612
MANDAM_488E310N_S	SHURAB_487E312N_S	22150
MANHAB_422E272N_R	WADITAYY_419E270N_R	35970
MANJABARA_682E258N_S	ROUTPOINT1906_682E253N_O	50568
MANJABARA_682E258N_S	SADUSAN_678E264N_S	77756
MANSAF_320E301N_S	ROUTPOINT1001_325E300N_O	49136
MANSURA_688E258N_S	NIRUN_683E254N_S	73842
MANSURA_688E258N_S	QALLARI_688E264N_S	65569
MANSURA_688E258N_S	SADUSAN_678E264N_S	121862
MANUF_309E304N_S	SUBKABID_310E304N_S	13088
MANUF_309E304N_S	TUWWA_309E306N_S	25471
MANZILBASHU_109E367N_S	ROUTPOINT1217_101E357N_O	130698
MANZILBAYLAQAN_463E360N_S	ROUTPOINT1601_463E357N_O	34091
MAQQARA_050E355N_S	MASILA_045E356N_S	48095
MAQQARA_050E355N_S	NIQAWUS_057E355N_S	61974
MAQQARA_050E355N_S	TUBNA_053E353N_S	39668
MARAGHA_462E373N_S	ROUTPOINT1608_458E375N_O	47948
MARAGHA_462E373N_S	ROUTPOINT1609_461E372N_O	17885
MARAND_458E384N_S	NASHAWA_453E393N_S	108651
MARAND_458E384N_S	ROUTPOINT1605_458E382N_O	19437
MARIB_454E155N_S	SANA_442E153N_S	142194
MARIB_454E155N_S	SHIBAM_485E159N_S	366101
MARIDA_063W388N_S	ROUTPOINT1412_059W389N_O	30666
MARIDA_063W388N_S	ROUTPOINT1414_066W395N_O	77308
MARIYYA_025W368N_S	ROUTPOINT1411_030W367N_O	48357
MARJJUHAYNA_432E361N_S	MAWSIL_431E363N_S	24519
MARJWA-ZAHR_509E330N_S	QANUWAN_506E332N_S	32509
MARJ_462E343N_S	TAZAR_464E341N_S	25301
MARMAJANNA_084E354N_S	SABIBA_091E354N_S	77984
MARMAJANNA_084E354N_S	TABASSA_081E353N_S	27570
MARWA_385E257N_S	RASAYN_380E250N_S	92251
MARWA_385E257N_S	SUQYAYAZID_383E261N_S	57388
MARWA_385E257N_S	SUWAYDA_390E250N_S	88023
MARWRUDH_633E355N_S	QASRAHNAF_632E357N_S	23813
MASDAQAN_498E350N_S	RUDHA_497E351N_S	7388
MASDAQAN_498E350N_S	SUSANQIN_500E350N_S	16730
MASHKA_639E274N_S	ROUTPOINT1911_653E276N_O	147026
MASHKUYA_507E353N_S	QUSTANA_510E354N_S	27027
MASHKUYA_507E353N_S	SAWA_504E349N_S	48541
MASQAT_586E235N_S	ROUTPOINT0706_583E235N_O	27436
MASSA_096W300N_S	TARQALA_088W305N_S	93385
MASTANJ_668E297N_S	ROUTPOINT1914_665E293N_O	59322
MAS_519E314N_O	ROUTPOINT0603_517E316N_O	27634
MAWRUR_054W371N_S	ROUTPOINT1401_053W362N_O	109222
MAWRUR_054W371N_S	ROUTPOINT1402_057W367N_O	48968
MAWRUR_054W371N_S	ROUTPOINT1405_051W375N_O	50417
MAWR_428E157N_S	SHARJA_428E163N_S	67376
MAWSIL_431E363N_S	NINAWA_431E363N_S	5050
MAWSIL_431E363N_S	SHAHHAJIYYA_429E362N_S	15921
MAYAMURGH_652E390N_S	RIBATASTANA_647E392N_S	43849
MAYAMURGH_652E390N_S	ROUTPOINT1720_654E389N_O	17737
MAYANIJ_477E374N_S	ROUTPOINT1616_483E378N_O	76283
MAYANIJ_477E374N_S	ZANJAN_485E366N_S	110718
MAYYAFARIQIN_410E381N_S	MUSH_414E387N_S	84163
MAZARII_430E366N_S	NINAWA_431E363N_S	33861
MAZDAKHKAN_595E423N_S	NUBAGH_598E422N_S	29687
MAZDURAN_605E361N_S	SAHIH_601E361N_S	33569
MAZDURAN_605E361N_S	UKINA_607E363N_S	29802
MIHRAJAN_578E365N_S	RIWAND_583E361N_S	62706
MIHRAWAN_536E366N_S	SARIYA_531E365N_S	55197
MIHRAWAN_536E366N_S	TAMISHA_540E367N_S	33476
MILIYANA_022E362N_S	SUQKARA_026E361N_S	55058
MINDAS_008E356N_S	ROUTPOINT1204_010E353N_O	42235
MISIR_309E310N_S	ROUTPOINT1002_308E310N_O	11363
MISIR_309E310N_S	SAKHA_309E310N_S	6695
MISKYANA_077E356N_S	ROUTPOINT1220_075E356N_O	15754
MISKYANA_077E356N_S	TABASSA_081E353N_S	45502
MISKYANA_077E356N_S	UBBA_087E358N_S	95812
MISLAH_407E224N_S	UFAYIYYA_407E230N_S	66620
MISSISA_356E369N_S	TINAT_361E368N_S	47065
MIYANKAL_642E393N_S	QARAJUN_644E395N_S	28868
MIYANKAL_642E393N_S	RIBATASTANA_647E392N_S	45037
MUBARAK_398E355N_S	RAQQA_390E359N_S	84583
MUGHAN_039W399N_S	TULAYTILA_040W398N_S	13340
MUGHAN_039W399N_S	WADIHIJARA_031W406N_S	103914
MUGHITHAMAWAN_414E250N_S	RABADHA_413E246N_S	38138
MUGHITHA_440E311N_S	QARA_438E308N_S	32134
MUGHITHA_440E311N_S	UDHAYB_441E314N_S	44988
MUHALLABI_561E334N_S	RIBATABSHUTURAN_559E332N_S	29986
MUHALLABI_561E334N_S	RIBATKHURAN_564E337N_S	45331
MUKHRI_387E290N_S	TAYMA_385E275N_S	182402
MULTAN_714E301N_S	ROUTPOINT1902_713E301N_O	4157
MUNK_696E383N_S	TAMLIYAT_695E382N_S	16273
MURJAN_556E363N_S	ZIRADABADH_553E366N_S	44083
MURSIYA_011W379N_S	QANT_004W383N_S	70081
MUSAYLIHA_499E261N_S	QATIF_499E265N_S	43842
MUSAYLIHA_499E261N_S	UQAYR_502E255N_S	75797
MUSH_414E387N_S	SINNNUHAS_416E393N_S	76135
MUTA_356E310N_S	SUGHAR_354E310N_S	24571
MUZANIYYA_385E372N_S	ROUTPOINT0206_385E375N_O	24213
MUZANIYYA_385E372N_S	SARUJ_384E369N_S	35201
NABADGHIN_620E407N_S	RIBATHASAN_622E405N_S	38448
NABAND_575E323N_S	ROUTPOINT0606_579E326N_O	46424
NABK_367E340N_S	QARA_368E341N_S	18956
NABK_367E340N_S	QUTAYYIFA_366E337N_S	36087
NABK_367E340N_S	SHAMSIN_367E345N_S	57144
NABULUS_352E322N_S	RIHA_354E318N_S	48742
NABULUS_352E322N_S	ROUTPOINT0113_351E319N_O	38952
NABULUS_352E322N_S	TAASIR_353E323N_S	19764
NAFTA_079E338N_S	TAWZIR_081E339N_S	24185
NAHIT_428E314N_S	QURAY_417E315N_S	101806
NAHIT_428E314N_S	RUHAYMA_439E318N_S	113876
NAHRMALIK_443E330N_S	SARSAR_443E331N_S	6234
NAHRSABUS_459E324N_S	ROUTPOINT0301_457E325N_O	24485
NAHRSABUS_459E324N_S	ROUTPOINT0301_457E325N_O	24694
NAIMA_354E337N_S	SAYDA_353E335N_S	25081
NAIN_531E328N_S	ROUTPOINT0608_529E326N_O	23640
NAJAF_443E319N_S	QADISIYYA_441E316N_S	39299
NAJRAN_442E175N_S	SULAYMA_473E241N_S	842155
NAMAHAND_519E357N_S	ROUTPOINT1604_518E356N_O	9712
NAMALATA_046W341N_S	QALAKARMATA_043W341N_S	29836
NAMIYA_543E367N_S	TAMISHA_540E367N_S	24965
NARMASIR_586E289N_S	SARAYSHAHR_597E281N_S	142477
NASAF_658E388N_S	NAWKAD_662E388N_S	42284
NASAF_658E388N_S	ROUTPOINT1721_657E389N_O	10553
NASAF_658E388N_S	SUNAJ_662E385N_S	51370
NASIBIN_412E370N_S	ROUTPOINT0208_407E371N_O	47299
NASIBIN_412E370N_S	TALLFARASHA_413E369N_S	13649
NASTARAWA_307E314N_S	RASHID_303E314N_S	32408
NASTARAWA_307E314N_S	SANHUR_307E311N_S	36105
NATIL_519E364N_S	ROUTPOINT1617_523E364N_O	35747
NATIL_519E364N_S	SHALUS_514E366N_S	44447
NAWIKATH_758E430N_S	SARIGH_752E428N_S	61980
NAWKAD_662E388N_S	ROUTPOINT1713_663E386N_O	23842
NAYSABUR_587E361N_S	NUQAN_595E362N_S	74287
NAYSABUR_587E361N_S	QASRRIH_591E360N_S	32089
NAYSABUR_587E361N_S	RADHAKAN_589E368N_S	87457
NAYSABUR_587E361N_S	RIWAND_583E361N_S	40492
NAYSABUR_587E361N_S	ROUTPOINT1701_596E367N_O	111024
NAYSABUR_587E361N_S	TURTHITH_584E351N_S	118937
NAZWA_575E228N_S	ROUTPOINT0707_577E228N_O	21765
NAZWA_575E228N_S	SIRR_568E230N_S	80097
NIBAJ_444E263N_S	ROUTPOINT0710_439E260N_O	64648
NIHAWAND_483E342N_S	QASRLUSUS_479E344N_S	55333
NIHAWAND_483E342N_S	RAKAH_485E344N_S	29571
NIHAWAND_483E342N_S	RAMAN_486E342N_S	24810
NIHAWAND_483E342N_S	RUDHRAWAR_483E346N_S	50144
NIHIYYA_415E343N_S	ROUTPOINT0202_416E343N_O	5487
NIHYA_373E344N_S	QARYATAN_372E342N_S	28113
NIHYA_373E344N_S	RUSAFA_387E356N_S	188149
NIH_600E315N_S	QARYASALM_592E312N_S	83279
NIRUN_683E254N_S	ROUTPOINT1906_682E253N_O	6537
NIR_479E380N_S	SARAT_475E379N_S	41235
NUBAGH_598E422N_S	WAYKHAN_601E420N_S	39702
NUBAGH_598E422N_S	ZAMAKHSHAR_597E422N_S	10620
NUBANDAJAN_515E301N_S	QALAJISS_516E301N_S	11233
NUBANDAJAN_515E301N_S	SHAHRASTAN_515E298N_S	33517
NUJAKATH_677E399N_S	ROUTPOINT1725_679E399N_O	21763
NUJAY_564E341N_S	RIBATKHURAN_564E337N_S	42395
NUQAN_595E362N_S	SANABADH_596E362N_S	3540
NUSHAJANSUFLA_717E428N_S	TARAZ_714E428N_S	22943
NUZWAR_593E420N_S	WAZARMAND_597E418N_S	33746
NUZWAR_593E420N_S	ZAMAKHSHAR_597E422N_S	36206
QABALA_476E407N_S	ROUTPOINT1613_476E407N_O	7518
QABIS_100E338N_S	ZAYTUNA_101E343N_S	58649
QABRGHIYATH_653E375N_S	RIBATAFRIGHUN_652E372N_S	37107
QABRGHIYATH_653E375N_S	ZAMM_651E378N_S	31781
QADAS_354E331N_S	ROUTPOINT0116_354E331N_O	5132
QADAS_354E331N_S	ROUTPOINT0117_355E332N_O	14058
QADISIYYA_439E340N_S	SAMARRA_438E342N_S	16131
QADISIYYA_441E316N_S	UDHAYB_441E314N_S	18864
QADIS_061W365N_S	SHADHUNA_059W364N_S	28694
QAFSA_088E344N_S	ROUTPOINT1215_099E354N_O	160512
QAHIRA_312E300N_S	SHABRUWA_312E301N_S	5861
QALAIBNKANDAMAN_451E415N_S	TIFLIS_448E420N_S	65192
QALAKARMATA_043W341N_S	TIZA_040W342N_S	26918
QALA_576E226N_S	ROUTPOINT0708_577E227N_O	12684
QALIQALA_412E399N_S	SINNNUHAS_416E393N_S	80867
QALLARI_688E264N_S	RUR_689E276N_S	141429
QALMAYHAN_592E371N_S	RADHAKAN_589E368N_S	44737
QALMAYHAN_592E371N_S	RIBATKUFAN_593E372N_S	15265
QALUNIYAAWFI_384E403N_S	SINNNUHAS_416E393N_S	325022
QANBALI_665E254N_S	ROUTPOINT1905_677E245N_O	164305
QANDABIL_674E286N_S	ROUTPOINT1903_698E300N_O	300129
QANDABIL_674E286N_S	ROUTPOINT1912_667E277N_O	122986
QANDABIL_674E286N_S	ROUTPOINT1913_678E295N_O	117532
QANDABIL_674E286N_S	ROUTPOINT1914_665E293N_O	130774
QANDABIL_674E286N_S	RUR_689E276N_S	187904
QANTARANUMAN_476E344N_S	QASRLUSUS_479E344N_S	28031
QANTARASIF_068W396N_S	ROUTPOINT1413_065W397N_O	28419
QANTARASIF_068W396N_S	ROUTPOINT1414_066W395N_O	25169
QANTARA_323E308N_S	ROUTPOINT1003_319E307N_O	35920
QANT_004W383N_S	SHATIBA_005W389N_S	74861
QARA_368E341N_S	SADAD_369E343N_S	17933
QARA_438E308N_S	WAQISA_437E305N_S	36682
QARA_468E274N_S	SULAYMA_473E241N_S	387115
QARINAYN_624E365N_S	ROUTPOINT1705_626E363N_O	33864
QARMASIN_470E343N_S	ZUBAYDIYYA_468E342N_S	25055
QARMASIN_470E343N_S	ZUBAYDIYYA_469E344N_S	19685
QARMUNA_056W374N_S	ROUTPOINT1405_051W375N_O	41585
QARNIN_622E315N_S	ROUTPOINT1917_617E309N_O	82878
QARN_402E214N_S	TAIF_404E212N_S	34909
QARQISIYYA_404E351N_S	RAHBAMALIKIBNTAWQ_404E349N_S	18224
QARQISIYYA_404E351N_S	SUKAYRABBAS_405E352N_S	19105
QARTAJANNA_102E368N_S	TUNIS_101E367N_S	14776
QARUN_357E335N_S	QARYAUYUN_355E333N_S	27531
QARUN_357E335N_S	SAYDA_353E335N_S	45163
QARYAASAD_538E315N_S	QARYAMAJUS_541E317N_S	57291
QARYAAS_539E296N_S	SAHIH_543E297N_S	40395
QARYABUKHARIYYIN_651E380N_S	RIBATKHUWARAN_653E385N_S	55226
QARYAMAJUS_511E344N_S	QASHAN_515E339N_S	65468
QARYAMAJUS_511E344N_S	QUMM_509E346N_S	28419
QARYAMAJUS_541E317N_S	YAZD_543E319N_S	23245
QARYAMILH_526E352N_S	RASKALB_530E353N_S	44132
QARYARUMMAN_528E293N_S	SHIRAZ_525E296N_S	38848
QARYATAYN_164E311N_O	SURT_166E310N_S	18511
QARYAUYUN_355E333N_S	ROUTPOINT0117_355E332N_O	15767
QASARASH_063W394N_S	ROUTPOINT1412_059W389N_O	71649
QASARASH_063W394N_S	ROUTPOINT1413_065W397N_O	34131
QASARASH_063W394N_S	ROUTPOINT1414_066W395N_O	21376
QASARASH_063W394N_S	TARAJILA_059W394N_S	41225
QASRATISH_181E305N_S	YAHUDIYYATAYN_177E307N_S	53515
QASRIBADI_172E309N_S	SURT_166E310N_S	67595
QASRIBADI_172E309N_S	YAHUDIYYATAYN_177E307N_S	45154
QASRRIH_591E360N_S	ROUTPOINT1702_592E359N_O	14467
QASRSHAMMAS_263E313N_S	SIKKAHAMMAM_267E311N_S	41289
QASTAL_375E350N_S	SALAMIYYA_370E350N_S	47117
QATIF_499E265N_S	QURA_495E269N_S	62277
QATR_466E317N_O	ROUTPOINT0302_474E309N_O	121719
QATR_466E317N_O	RUSAFA_463E317N_S	26789
QAYIN_590E336N_S	TUN_581E339N_S	109781
QAYRAWAN_101E357N_S	ROUTPOINT1216_100E356N_O	9990
QAYRAWAN_101E357N_S	ROUTPOINT1217_101E357N_O	8121
QAYS_307E285N_S	TAHA_306E282N_S	30279
QAZWIN_500E362N_S	RAYY_515E356N_S	157050
QAZWIN_500E362N_S	ROUTPOINT1619_495E359N_O	50002
QA_436E297N_S	ZUBALA_435E294N_S	42890
QA_653E363N_S	ROUTPOINT1704_649E359N_O	56988
QA_653E363N_S	SHABURQAN_657E366N_S	52523
QIFT_328E259N_S	QINA_327E261N_S	21133
QIFT_328E259N_S	QUS_327E259N_S	10663
QIFT_328E259N_S	ROUTPOINT1101_331E259N_O	34510
QINNASRIN_370E359N_S	TALLMANNAS_367E356N_S	48091
QUBA_416E227N_S	SHUBAYKA_415E224N_S	40521
QUBA_721E405N_S	USHTIQAN_720E406N_S	17384
QUBA_721E405N_S	USH_728E405N_S	58358
QUBA_721E405N_S	ZANDARAMASH_720E402N_S	36688
QULUFI_395E321N_S	ROUTPOINT0906_392E321N_O	38092
QULUFI_395E321N_S	ROUTPOINT0907_398E320N_O	26475
QULZUM_325E300N_S	ROUTPOINT1001_325E300N_O	3032
QUMISA_518E320N_S	RUZKAN_519E318N_S	23600
QUMM_509E346N_S	ROUTPOINT0505_507E348N_O	29890
QURAKIR_377E313N_S	UJAYFIR_387E316N_S	99222
QURH_379E265N_S	ROUTPOINT0908_402E271N_O	242564
QURH_379E265N_S	SUQYAYAZID_383E261N_S	56936
QURIYA_065W399N_S	ROUTPOINT1413_065W397N_O	24563
QURQUB_477E321N_S	ROUTPOINT0401_482E321N_O	50067
QURQUB_477E321N_S	TIB_473E322N_S	38530
QURTUBA_047W379N_S	ROUTPOINT1403_057W376N_O	91892
QURTUBA_047W379N_S	ROUTPOINT1410_047W378N_O	6862
QURTUBA_047W379N_S	ZAHRA_048W379N_S	7850
QURUS_369E367N_S	ROUTPOINT0119_362E363N_O	78900
QUSAYR_342E261N_S	ROUTPOINT1101_331E259N_O	125889
QUSDAR_665E277N_S	ROUTPOINT1911_653E276N_O	129851
QUSDAR_665E277N_S	ROUTPOINT1912_667E277N_O	18818
QUSDAR_665E277N_S	RUSTAKUHAN_664E265N_S	146047
QUSDAR_665E277N_S	SURA_662E284N_S	91590
QUSTANA_510E354N_S	RAYY_515E356N_S	48976
QUSTANA_510E354N_S	ROUTPOINT0504_511E352N_O	16111
QUSTANTINIYYA_066E363N_S	ROUTPOINT1219_060E360N_O	58713
QUSTANTINIYYA_066E363N_S	TIJIS_068E360N_S	34867
QUSURHASSAN_158E312N_S	ROUTPOINT1301_153E312N_O	55358
RABADHA_413E246N_S	SALILA_412E243N_S	37340
RABINJAN_663E398N_S	ZARMAN_666E397N_S	24471
RADHAN_547E301N_S	SHABABAK_550E301N_S	36559
RAFH_342E313N_S	ROUTPOINT0109_345E315N_O	41488
RAFIQA_390E359N_S	RAQQA_390E359N_S	2485
RAIN_574E296N_S	SARWISTAN_578E292N_S	58505
RAKAH_485E344N_S	ROUTPOINT0509_486E344N_O	8957
RAKAN_527E297N_S	RASSIKR_528E297N_S	12013
RAKAN_527E297N_S	SHIRAZ_525E296N_S	28309
RAKUNIN_527E326N_S	ROUTPOINT0608_529E326N_O	19511
RAKUNIN_527E326N_S	SAKSH_521E326N_S	60315
RAMAN_486E342N_S	ROUTPOINT0509_486E344N_O	25394
RAMASHAHRISTAN_612E303N_S	ZARANJ_616E307N_S	62544
RAMHURMUZ_496E312N_S	ROUTPOINT0402_497E312N_O	10075
RAMLA_348E319N_S	ROUTPOINT0104_350E316N_O	33074
RAMLA_348E319N_S	ROUTPOINT0109_345E315N_O	49879
RAMLA_348E319N_S	ROUTPOINT0112_346E318N_O	16444
RAMLA_348E319N_S	ROUTPOINT0113_351E319N_O	31582
RAMLA_348E319N_S	YAFA_347E320N_S	18768
RAMLA_348E319N_S	YUBNA_347E318N_S	13598
RAML_631E401N_S	RIBATTUGHAN_628E401N_S	29236
RAML_631E401N_S	SHURUKH_633E400N_S	22607
RANYA_421E203N_S	TABALA_424E200N_S	44360
RAQQA_390E359N_S	ROUTPOINT0204_390E361N_O	18795
RAQQA_390E359N_S	RUSAFA_387E356N_S	45772
RASAYN_380E250N_S	YANBU_381E241N_S	106839
RASAYN_380E250N_S	YANBU_381E241N_S	145234
RASAYN_400E368N_S	ROUTPOINT0203_392E364N_O	87109
RASDUNYA_537E300N_S	ROUTPOINT0609_532E298N_O	54795
RASHID_303E314N_S	SANHUR_307E311N_S	42532
RASKALB_530E353N_S	SIMNAN_534E354N_S	33043
RASK_612E267N_S	ROUTPOINT1909_613E262N_O	62472
RASK_612E267N_S	ROUTPOINT1910_615E271N_O	64817
RASSIKR_528E297N_S	ROUTPOINT0609_532E298N_O	38743
RAWARA_386E320N_S	ROUTPOINT0906_392E321N_O	54173
RAWARA_386E320N_S	SAIDA_379E321N_S	62898
RAWHA_392E241N_S	RUWAYTHA_392E240N_S	12817
RAWHA_392E241N_S	SAFRA_389E240N_S	38526
RAWHA_392E241N_S	SAYYALA_393E241N_S	10343
RAYDA_440E158N_S	SANA_442E153N_S	55608
RAYY_515E356N_S	ROUTPOINT1604_518E356N_O	30266
RAYY_515E356N_S	ROUTPOINT1619_495E359N_O	182706
RIBATABDALLAH_639E313N_S	RIBATQAHASTAN_635E313N_S	36583
RIBATABSHUTURAN_559E332N_S	ROUTPOINT0607_553E331N_O	56521
RIBATABUSAHL_574E401N_S	RIBATAFRAWA_562E389N_S	174594
RIBATAFRAWA_562E389N_S	ROUTPOINT1618_547E376N_O	202109
RIBATALIYYABADH_537E357N_S	SIMNAN_534E354N_S	40641
RIBATALI_545E372N_S	RIBATAMIR_547E375N_S	45789
RIBATAMIR_547E375N_S	ROUTPOINT1618_547E376N_O	5693
RIBATBARAKAN_512E320N_S	SAWJAR_508E320N_S	37699
RIBATBUSHTKHAMM_552E295N_S	SARMAQAN_548E296N_S	47736
RIBATBUSHTKHAMM_552E295N_S	SIRJAN_557E294N_S	46864
RIBATBUSHTKHAMM_552E295N_S	ZARUDUWA_548E294N_S	46115
RIBATHADID_628E380N_S	RIBATNASRAK_629E383N_S	33627
RIBATHAFS_548E368N_S	SHAHRASTAN_552E371N_S	52177
RIBATHAJARIYYA_658E313N_S	RIBATKANKI_663E310N_S	66784
RIBATHAJARIYYA_658E313N_S	ROUTPOINT1915_655E314N_O	31149
RIBATHASAN_622E405N_S	ROUTPOINT1717_624E402N_O	33547
RIBATKARUDIN_631E313N_S	RIBATQAHASTAN_635E313N_S	38112
RIBATKARZWAN_638E356N_S	TALAQAN_642E357N_S	41176
RIBATKHUWARAN_653E385N_S	ROUTPOINT1720_654E389N_O	48869
RIBATMASH_614E413N_S	RIBATSANDAH_617E412N_S	26608
RIBATMAYANAH_627E345N_S	SHURMIN_635E347N_S	77460
RIBATSAD_677E398N_S	ROUTPOINT1725_679E399N_O	25175
RIBATSHUR_635E350N_S	SHURMIN_635E347N_S	41351
RIBATTASH_638E399N_S	ROUTPOINT1722_639E399N_O	12968
RIBATTASH_638E399N_S	SHURUKH_633E400N_S	37009
RIBATTUGHAN_628E401N_S	ROUTPOINT1717_624E402N_O	33368
RIBATWAZZ_517E330N_S	ROUTPOINT0506_517E327N_O	33120
RIBATWAZZ_517E330N_S	TARQ_518E333N_S	27107
RIHA_354E318N_S	ROUTPOINT0107_354E318N_O	6119
RIHA_354E318N_S	ROUTPOINT0108_355E317N_O	10321
RIHA_354E318N_S	ROUTPOINT0114_353E318N_O	5431
RISHTAN_715E400N_S	SUKH_712E399N_S	29637
RISHTAN_715E400N_S	ZANDARAMASH_720E402N_S	53894
ROUTEPOINTS0699_505E304N_O	ZAYTUN_503E305N_S	14610
ROUTPOINT0101_354E308N_O	ROUTPOINT0902_353E303N_O	50657
ROUTPOINT0101_354E308N_O	SUGHAR_354E310N_S	24460
ROUTPOINT0102_353E313N_O	ROUTPOINT0107_354E318N_O	52940
ROUTPOINT0102_353E313N_O	SUGHAR_354E310N_S	38750
ROUTPOINT0103_350E315N_O	ROUTPOINT0104_350E316N_O	11722
ROUTPOINT0103_350E315N_O	ROUTPOINT0105_351E316N_O	13651
ROUTPOINT0104_350E316N_O	ROUTPOINT0105_351E316N_O	11988
ROUTPOINT0106_353E318N_O	ROUTPOINT0113_351E319N_O	20708
ROUTPOINT0106_353E318N_O	ROUTPOINT0114_353E318N_O	1833
ROUTPOINT0107_354E318N_O	ROUTPOINT0108_355E317N_O	8938
ROUTPOINT0107_354E318N_O	ROUTPOINT0114_353E318N_O	6917
ROUTPOINT0109_345E315N_O	SUKKARIYYA_346E315N_S	6226
ROUTPOINT0111_346E318N_O	ROUTPOINT0112_346E318N_O	5732
ROUTPOINT0111_346E318N_O	YUBNA_347E318N_S	6968
ROUTPOINT0112_346E318N_O	YAFA_347E320N_S	20734
ROUTPOINT0115_355E326N_O	TABARIYYA_355E327N_S	9474
ROUTPOINT0116_354E331N_O	SUR_352E332N_S	28007
ROUTPOINT0120_362E335N_O	ZABADANI_360E337N_S	29419
ROUTPOINT0201_421E342N_O	ROUTPOINT0202_416E343N_O	50014
ROUTPOINT0205_390E368N_O	RUHA_388E371N_S	36471
ROUTPOINT0205_390E368N_O	TALLABDA_387E366N_S	36826
ROUTPOINT0206_385E375N_O	RUHA_388E371N_S	46099
ROUTPOINT0206_385E375N_O	SUMAYSAT_385E375N_S	4636
ROUTPOINT0207_380E379N_O	ZIBATRA_379E380N_S	25936
ROUTPOINT0209_396E380N_O	ROUTPOINT0210_401E379N_O	43120
ROUTPOINT0209_396E380N_O	TALLHUM_397E381N_S	23880
ROUTPOINT0210_401E379N_O	TALLHUM_397E381N_S	45280
ROUTPOINT0302_474E309N_O	UBULLA_478E304N_S	58740
ROUTPOINT0401_482E321N_O	SUS_482E322N_S	3666
ROUTPOINT0402_497E312N_O	TIRAM_498E313N_S	22791
ROUTPOINT0502_492E356N_O	ROUTPOINT1619_495E359N_O	45784
ROUTPOINT0502_492E356N_O	UDH_492E355N_S	8608
ROUTPOINT0503_491E354N_O	UDH_492E355N_S	16871
ROUTPOINT0504_511E352N_O	ROUTPOINT0505_507E348N_O	61119
ROUTPOINT0505_507E348N_O	SAWA_504E349N_S	31795
ROUTPOINT0603_517E316N_O	SUMAYRAM_518E313N_S	33883
ROUTPOINT0604_563E272N_O	SURU_562E271N_S	16650
ROUTPOINT0605_565E298N_O	SIRJAN_557E294N_S	94975
ROUTPOINT0609_532E298N_O	ZIYADABADHZIYADAWADH_532E298N_S	4924
ROUTPOINT0611_578E312N_O	SHURIRUDH_577E312N_S	3153
ROUTPOINT0703_391E228N_O	ROUTPOINT0704_391E229N_O	20066
ROUTPOINT0705_559E253N_O	TUAM_557E241N_S	140062
ROUTPOINT0706_583E235N_O	ROUTPOINT0707_577E228N_O	105796
ROUTPOINT0706_583E235N_O	SUHAR_566E243N_S	204768
ROUTPOINT0707_577E228N_O	ROUTPOINT0708_577E227N_O	5882
ROUTPOINT0708_577E227N_O	SAMAD_579E227N_S	29683
ROUTPOINT0801_443E143N_O	THUJJA_441E139N_S	49434
ROUTPOINT0802_442E148N_O	URF_442E150N_S	23232
ROUTPOINT0802_442E148N_O	ZABID_433E142N_S	136366
ROUTPOINT0803_431E161N_O	SHARJA_428E163N_S	43471
ROUTPOINT0803_431E161N_O	SHIBAM_439E155N_S	114694
ROUTPOINT0804_428E164N_O	ROUTPOINT0805_427E167N_O	38191
ROUTPOINT0804_428E164N_O	SHARJA_428E163N_S	14034
ROUTPOINT0805_427E167N_O	ROUTPOINT0806_425E170N_O	32548
ROUTPOINT0902_353E303N_O	WADIMUSA_354E303N_S	11514
ROUTPOINT0906_392E321N_O	SUWA_378E337N_S	217251
ROUTPOINT0908_402E271N_O	TAYMA_385E275N_S	181874
ROUTPOINT0908_402E271N_O	WADITAYY_419E270N_R	165632
ROUTPOINT0909_370E280N_O	TABUK_365E283N_S	70208
ROUTPOINT0909_370E280N_O	TAYMA_385E275N_S	152904
ROUTPOINT1002_308E310N_O	SAKHA_309E310N_S	10303
ROUTPOINT1201_051W336N_O	TANDALI_071W317N_S	295705
ROUTPOINT1202_005W327N_O	ROUTPOINT1203_011E353N_O	338929
ROUTPOINT1202_005W327N_O	SIJILMASA_042W312N_S	426696
ROUTPOINT1202_005W327N_O	TAWLAQA_053E346N_S	605913
ROUTPOINT1203_011E353N_O	ROUTPOINT1204_010E353N_O	12020
ROUTPOINT1203_011E353N_O	TAHIRT_013E353N_S	18919
ROUTPOINT1205_011E359N_O	TAHIRT_013E353N_S	77836
ROUTPOINT1206_000W357N_O	TANAS_013E364N_S	156530
ROUTPOINT1206_000W357N_O	WAHRAN_006W357N_S	58349
ROUTPOINT1207_023W350N_O	ROUTPOINT1208_027W345N_O	74161
ROUTPOINT1208_027W345N_O	SA_028W344N_S	23398
ROUTPOINT1210_038W342N_O	TABARIDA_033W343N_S	52760
ROUTPOINT1210_038W342N_O	TIZA_040W342N_S	17457
ROUTPOINT1211_053W341N_O	WALILA_056W340N_S	27505
ROUTPOINT1212_084E367N_O	TABARQA_088E369N_S	32236
ROUTPOINT1213_098E368N_O	TABARQA_088E369N_S	101489
ROUTPOINT1213_098E368N_O	TUNIS_101E367N_S	30010
ROUTPOINT1214_094E358N_O	UBBA_087E358N_S	66334
ROUTPOINT1215_099E354N_O	ROUTPOINT1216_100E356N_O	19846
ROUTPOINT1215_099E354N_O	SUBAYTILA_092E352N_S	75502
ROUTPOINT1216_100E356N_O	SABIBA_091E354N_S	87889
ROUTPOINT1216_100E356N_O	ZAYTUNA_101E343N_S	142273
ROUTPOINT1217_101E357N_O	ZAGHWAN_101E364N_S	74319
ROUTPOINT1218_052E365N_O	SATIF_054E361N_S	54399
ROUTPOINT1219_060E360N_O	SATIF_054E361N_S	65906
ROUTPOINT1219_060E360N_O	TIJIS_068E360N_S	68176
ROUTPOINT1301_153E312N_O	TAWARGHA_148E319N_S	92169
ROUTPOINT1301_153E312N_O	WADDAN_162E289N_S	277552
ROUTPOINT1401_053W362N_O	SHADHUNA_059W364N_S	57465
ROUTPOINT1402_057W367N_O	SHADHUNA_059W364N_S	38279
ROUTPOINT1403_057W376N_O	ROUTPOINT1415_053W383N_O	90359
ROUTPOINT1404_049W375N_O	ROUTPOINT1406_044W377N_O	49107
ROUTPOINT1406_044W377N_O	ROUTPOINT1407_040W374N_O	43080
ROUTPOINT1406_044W377N_O	ROUTPOINT1409_047W378N_O	28689
ROUTPOINT1407_040W374N_O	ROUTPOINT1408_037W373N_O	36084
ROUTPOINT1408_037W373N_O	WADIYASH_031W373N_S	50146
ROUTPOINT1409_047W378N_O	ROUTPOINT1410_047W378N_O	6728
ROUTPOINT1412_059W389N_O	TARAJILA_059W394N_S	61400
ROUTPOINT1415_053W383N_O	ROUTPOINT1416_052W384N_O	20757
ROUTPOINT1415_053W383N_O	ZAHRA_048W379N_S	58993
ROUTPOINT1417_005E407N_O	SARAQUSA_009W416N_S	178122
ROUTPOINT1417_005E407N_O	TURTUSHA_006E407N_S	5165
ROUTPOINT1601_463E357N_O	SHAHRAZUR_460E352N_R	71022
ROUTPOINT1601_463E357N_O	SISAR_469E353N_S	78361
ROUTPOINT1604_518E356N_O	SHALANBA_520E356N_S	19675
ROUTPOINT1605_458E382N_O	ROUTPOINT1608_458E375N_O	78996
ROUTPOINT1605_458E382N_O	TABRIZ_463E380N_S	47933
ROUTPOINT1606_449E381N_O	ROUTPOINT1607_450E375N_O	71033
ROUTPOINT1606_449E381N_O	ROUTPOINT1607_450E375N_O	77052
ROUTPOINT1606_449E381N_O	SALAMAS_448E382N_S	11703
ROUTPOINT1607_450E375N_O	URMIYA_450E375N_S	4577
ROUTPOINT1608_458E375N_O	URMIYA_450E375N_S	73078
ROUTPOINT1609_461E372N_O	SABURKHAST_461E369N_S	31498
ROUTPOINT1612_471E405N_O	SHAKKI_472E413N_S	97739
ROUTPOINT1613_476E407N_O	SHAMAKHIYYA_486E406N_S	94122
ROUTPOINT1615_487E406N_O	SHABARAN_487E412N_S	76362
ROUTPOINT1615_487E406N_O	SHAMAKHIYYA_486E406N_S	3840
ROUTPOINT1617_523E364N_O	RUYAN_517E363N_S	54670
ROUTPOINT1701_596E367N_O	TUS_594E364N_S	41474
ROUTPOINT1704_649E359N_O	YAHUDIYYA_648E359N_S	8693
ROUTPOINT1706_684E361N_O	ROUTPOINT1707_687E360N_O	29863
ROUTPOINT1706_684E361N_O	SIMINJAN_680E362N_S	33395
ROUTPOINT1708_698E376N_O	ROUTPOINT1709_695E375N_O	27767
ROUTPOINT1710_692E381N_O	ROUTPOINT1729_693E383N_O	22607
ROUTPOINT1710_692E381N_O	TAMLIYAT_695E382N_S	28045
ROUTPOINT1711_692E372N_O	RUSTAQBIK_699E371N_S	64530
ROUTPOINT1712_678E381N_O	SAGHANIYAN_678E382N_S	11270
ROUTPOINT1712_678E381N_O	TIRMIDH_673E372N_S	177109
ROUTPOINT1713_663E386N_O	SUNAJ_662E385N_S	6950
ROUTPOINT1714_692E400N_O	SABAT_687E399N_S	41216
ROUTPOINT1715_705E404N_O	ROUTPOINT1723_711E407N_O	61007
ROUTPOINT1719_679E358N_O	SIMINJAN_680E362N_S	49238
ROUTPOINT1726_696E402N_O	SAMGHAR_702E404N_S	52860
ROUTPOINT1727_691E384N_O	ROUTPOINT1728_689E385N_O	17819
ROUTPOINT1727_691E384N_O	SAGHANIYAN_678E382N_S	119317
ROUTPOINT1727_691E384N_O	WASHJIRD_692E384N_S	6645
ROUTPOINT1728_689E385N_O	SHUMAN_688E385N_S	12738
ROUTPOINT1729_693E383N_O	TAMLIYAT_695E382N_S	24306
ROUTPOINT1729_693E383N_O	WASHJIRD_692E384N_S	26253
ROUTPOINT1801_471E433N_O	ROUTPOINT1802_466E437N_O	59478
ROUTPOINT1801_471E433N_O	SAMANDAR_475E429N_S	58514
ROUTPOINT1803_499E530N_O	SUWAR_499E544N_S	182036
ROUTPOINT1901_706E300N_O	ROUTPOINT1902_713E301N_O	75192
ROUTPOINT1901_706E300N_O	ROUTPOINT1903_698E300N_O	73529
ROUTPOINT1902_713E301N_O	WAYHIND_722E339N_S	447765
ROUTPOINT1903_698E300N_O	ROUTPOINT1904_698E300N_O	5961
ROUTPOINT1904_698E300N_O	SIWI_678E295N_S	202184
ROUTPOINT1905_677E245N_O	ROUTPOINT1906_682E253N_O	113763
ROUTPOINT1908_617E261N_O	ROUTPOINT1909_613E262N_O	38295
ROUTPOINT1912_667E277N_O	SADUSAN_678E264N_S	197023
ROUTPOINT1913_678E295N_O	SIWI_678E295N_S	4787
ROUTPOINT1916_617E308N_O	ROUTPOINT1917_617E309N_O	8738
ROUTPOINT1916_617E308N_O	ZANBUQ_619E309N_S	27326
ROUTPOINT1916_617E308N_O	ZARANJ_616E307N_S	11986
ROUTPOINT1918_679E330N_O	SAGHAN_680E330N_S	4736
ROUTPOINT1919_623E301N_O	TAQ_621E306N_S	66926
ROUTPOINT1919_623E301N_O	ZARANJ_616E307N_S	108068
RUDHAN_560E303N_S	UNAS_559E302N_S	17325
RUHA_388E371N_S	SARUJ_384E369N_S	38904
RUSAFA_463E317N_S	WASIT_463E321N_S	45481
RUSTAQBIK_699E371N_S	TALAQAN_696E367N_S	47646
SABAT_687E399N_S	ZAMIN_684E399N_S	28494
SABRAN_672E438N_S	SHAWAGHAR_683E432N_S	108686
SABTA_053W358N_S	TANJA_058W357N_S	49054
SADAD_369E343N_S	SALAMIYYA_370E350N_S	78493
SAFR_416E208N_S	TURABA_416E212N_S	45909
SAGHANIYAN_678E382N_S	SANKARDAH_675E385N_S	39284
SAGHANIYAN_678E382N_S	SHUMAN_688E385N_S	101906
SAHIH_543E297N_S	SARMAQAN_548E296N_S	51374
SAKHA_309E310N_S	SANHUR_307E311N_S	22519
SALILA_412E243N_S	UMAQ_409E240N_S	43170
SAMANDAR_475E429N_S	SUGHDABIL_452E422N_S	210834
SAMARQAND_670E396N_S	WARAGHSHAR_674E395N_S	38415
SAMARQAND_670E396N_S	ZARMAN_666E397N_S	36130
SAMARRA_438E342N_S	TAKRIT_436E345N_S	46689
SAMIRA_420E264N_S	TUZ_422E267N_S	41426
SANABADH_596E362N_S	TUS_594E364N_S	25547
SANA_442E153N_S	SHIBAM_439E155N_S	37499
SANA_442E153N_S	URF_442E150N_S	32891
SANDAN_730E199N_S	SUBARA_729E195N_S	44705
SANJAHAN_503E297N_S	SINIZ_502E299N_S	22837
SANKAN_594E350N_S	YUNABIDH_586E342N_S	118843
SARAFANDA_352E334N_S	SAYDA_353E335N_S	15102
SARAKHS_611E365N_S	UKINA_607E363N_S	39577
SARAKHS_611E365N_S	USHTURMAGHAK_613E368N_S	34691
SARAQUSA_009W416N_S	TUTILA_016W420N_S	74345
SARAQUSA_009W416N_S	WASHQA_003W421N_S	77630
SARDUS_311E301N_S	SHABRUWA_312E301N_S	8013
SARDUS_311E301N_S	SHATNUF_310E302N_S	14522
SARIYA_531E365N_S	SHALANBA_520E356N_S	184960
SARIYA_531E365N_S	SHIHMAR_528E361N_S	51290
SARMANJI_674E376N_S	TIRMIDH_673E372N_S	37931
SARUJ_384E369N_S	TALLABDA_387E366N_S	41081
SARUZAN_621E311N_S	ZANBUQ_619E309N_S	29564
SAWWARAN_367E352N_S	TALLMANNAS_367E356N_S	38110
SAYMARA_474E331N_S	SIRAWAN_468E335N_S	66254
SAYMUR_730E185N_S	SUBARA_729E195N_S	116302
SA_028W344N_S	TABARIDA_033W343N_S	39146
SHABURQAN_657E366N_S	SIDRA_662E368N_S	43965
SHAHI_443E322N_S	SUQASAD_442E324N_S	27116
SHAHRASTAN_552E371N_S	ZIRADABADH_553E366N_S	73336
SHAMAT_560E297N_S	SIRJAN_557E294N_S	42478
SHANTARA_093W388N_S	SHANTARIN_087W392N_S	77079
SHAQR_004W391N_S	SHATIBA_005W389N_S	24119
SHARURA_434E178N_S	THUJJA_431E181N_S	43428
SHATNUF_310E302N_S	SUBKABID_310E304N_S	23506
SHAWKARD_670E370N_S	TIRMIDH_673E372N_S	35882
SHIMSHAT_398E386N_S	TALLHUM_397E381N_S	48373
SHUBAYKA_415E224N_S	WAJRA_409E220N_S	71431
SHUQUQ_434E290N_S	ZUBALA_435E294N_S	38357
SIJILMASA_042W312N_S	WARIKA_076W314N_S	376916
SIKR_467E321N_S	TIB_473E322N_S	50423
SINJAR_418E363N_S	TALLAFAR_424E363N_S	54710
SUGHDABIL_452E422N_S	TIFLIS_448E420N_S	41582
SUTURKATH_688E408N_S	WINKARD_684E405N_S	51107
TAHA_306E282N_S	USHMUNAYN_307E278N_S	47572
TAIF_404E212N_S	TURABA_416E212N_S	131998
TAJANNA_013E363N_S	TANAS_013E364N_S	16608
TALABIRA_048W399N_S	TULAYTILA_040W398N_S	69604
TALAQAN_696E367N_S	WARWALIJ_688E367N_S	72434
TALASTANA_614E370N_S	USHTURMAGHAK_613E368N_S	28681
TAQ_621E306N_S	ZARANJ_616E307N_S	50779
TARAFA_400E245N_S	USAYLA_407E250N_S	94425
TAWARGHA_148E319N_S	WADIRAML_135E327N_S	151922
TAWAWIS_647E400N_S	WARDHANA_643E401N_S	44551
TAWWAZ_510E294N_S	TAWWAZ_511E294N_S	14977
TAYMA_385E275N_S	THAJR_378E288N_S	157927
TAZAR_464E341N_S	ZUBAYDIYYA_468E342N_S	41747
TAZAR_464E341N_S	ZUBAYDIYYA_469E344N_S	59088
TAZRA_493E351N_S	ZARRA_492E350N_S	15975
TUN_581E339N_S	YUNABIDH_586E342N_S	60608
TURMUGHAN_708E407N_S	WANKATH_708E409N_S	16501
UGH_698E339N_S	WAYHIND_722E339N_S	229045
UNBUWA_329E244N_S	USWAN_329E241N_S	39766
USH_728E405N_S	UZJAND_733E408N_S	55347
WADDAN_162E289N_S	ZAWILA_147E257N_S	447959
WARDHANA_643E401N_S	ZANDANA_643E399N_S	20260
YUNABIDH_586E342N_S	ZUZAN_598E343N_S	117882