STATION,LINE,XVAL,YVAL
Aderklaaer Straße,U1,315,240
Alaudagasse,U1,220,15
Alser Straße,U6,145,175
Alte Donau,U1,285,210
Alterlaa,U6,130,40
Altes Landgut,U1,220,25
Am Schöpfwerk,U6,130,50
Aspern Nord,U2,385,205
Aspernstraße,U2,355,200
Braunschweiggasse,U4,70,105
Burggasse-Stadthalle,U6,125,145
Donauinsel,U1,270,195
Donaumarina,U2,310,150
Donauspital,U2,345,190
Donaustadtbrücke,U2,325,170
Dresdner Straße,U6,210,220
Enkplatz,U3,295,70
Erdberg,U3,290,105
Erlaaer Straße,U6,130,30
Floridsdorf,U6,250,255
Friedensbrücke,U4,195,195
Gasometer,U3,290,90
Großfeldsiedlung,U1,325,250
Gumpendorfer Straße,U6,130,120
Handelskai,U6,225,230
Hardeggasse,U2,340,185
Hausfeldstraße,U2,365,205
Heiligenstadt,U4,185,235
Herrengasse,U3,205,135
Hietzing,U4,85,105
Hütteldorf,U4,20,105
Hütteldorfer Strasse,U3,85,150
Jägerstraße,U6,200,210
Johnstrasse,U3,95,135
Josefstädter Straße,U6,135,165
Kagran,U1,290,215
Kagraner Platz,U1,300,225
Kaisermühlen-VIC,U1,280,205
Kardinal-Nagl-Platz,U3,275,120
Karlsplatz,U1,220,105
Kendlerstrasse,U3,75,160
Keplerplatz,U1,220,60
Kettenbrückengasse,U4,195,105
Krieau,U2,275,160
Landstrasse,U3,250,135
Längenfeldgasse,U4,130,105
Leopoldau,U1,330,260
Margaretengürtel,U4,150,105
Meidling Hauptstr.,U4,115,105
Messe-Prater,U2,265,170
Michelbeuern-AKH,U6,155,185
Museumsquartier,U2,205,120
Nestroyplatz,U1,245,170
Neubaugasse,U3,170,135
Neue Donau,U6,240,240
Neulaa,U1,225,5
Niederhofstraße,U6,130,90
Nußdorfer Straße,U6,175,205
Ober St. Veit,U4,40,105
Oberlaa,U1,240,5
Ottakring,U3,75,170
Perfektastraße,U6,130,20
Philadelphiabrücke,U6,130,70
Pilgramgasse,U4,170,105
Praterstern,U1,255,180
Rathaus,U2,195,150
Rennbahnweg,U1,310,235
Reumannplatz,U1,220,50
Rochusgasse,U3,265,130
Rossauer Lände,U4,210,185
Schlachthausgasse,U3,280,110
Schönbrunn,U4,100,105
Schottenring,U2,220,170
Schottentor,U2,205,165
Schwedenplatz,U1,235,160
Schweglerstrasse,U3,110,135
Seestadt,U2,390,190
Siebenhirten,U6,130,5
Simmering,U3,305,60
Spittelau,U4,185,210
Stadion,U2,285,150
Stadlau,U2,330,175
Stadtpark,U4,240,115
Stephansplatz,U1,220,135
Stubentor,U3,235,135
Südtiroler Platz-Hauptbahnhof,U1,220,70
Taborstraße,U2,235,180
Taubstummengasse,U1,220,90
Thaliastraße,U6,125,155
Troststraße,U1,220,40
Tscherttegasse,U6,130,60
Unter St. Veit,U4,55,105
Volkstheater,U2,190,135
Vorgartenstraße,U1,265,190
Währinger Straße-Volksoper,U6,165,195
Westbahnhof,U3,125,135
Zieglergasse,U3,150,135
Zippererstrasse,U3,290,80