FROM,TO,LINE
Leopoldau,Großfeldsiedlung,U1
Großfeldsiedlung,Aderklaaer Straße,U1
Aderklaaer Straße,Rennbahnweg,U1
Rennbahnweg,Kagraner Platz,U1
Kagraner Platz,Kagran,U1
Kagran,Alte Donau,U1
Alte Donau,Kaisermühlen-VIC,U1
Kaisermühlen-VIC,Donauinsel,U1
Donauinsel,Vorgartenstraße,U1
Vorgartenstraße,Praterstern,U1
Praterstern,Nestroyplatz,U1
Nestroyplatz,Schwedenplatz,U1
Schwedenplatz,Stephansplatz,U1
Stephansplatz,Karlsplatz,U1
Karlsplatz,Taubstummengasse,U1
Taubstummengasse,Südtiroler Platz-Hauptbahnhof,U1
Südtiroler Platz-Hauptbahnhof,Keplerplatz,U1
Keplerplatz,Reumannplatz,U1
Reumannplatz,Troststraße,U1
Troststraße,Altes Landgut,U1
Altes Landgut,Alaudagasse,U1
Alaudagasse,Neulaa,U1
Neulaa,Oberlaa,U1
Seestadt,Aspern Nord,U2
Aspern Nord,Hausfeldstraße,U2
Hausfeldstraße,Aspernstraße,U2
Aspernstraße,Donauspital,U2
Donauspital,Hardeggasse,U2
Hardeggasse,Stadlau,U2
Stadlau,Donaustadtbrücke,U2
Donaustadtbrücke,Donaumarina,U2
Donaumarina,Stadion,U2
Stadion,Krieau,U2
Krieau,Messe-Prater,U2
Messe-Prater,Praterstern,U2
Praterstern,Taborstraße,U2
Taborstraße,Schottenring,U2
Schottenring,Schottentor,U2
Schottentor,Rathaus,U2
Rathaus,Volkstheater,U2
Volkstheater,Museumsquartier,U2
Museumsquartier,Karlsplatz,U2
Ottakring,Kendlerstrasse,U3
Kendlerstrasse,Hütteldorfer Strasse,U3
Hütteldorfer Strasse,Johnstrasse,U3
Johnstrasse,Schweglerstrasse,U3
Schweglerstrasse,Westbahnhof,U3
Westbahnhof,Zieglergasse,U3
Zieglergasse,Neubaugasse,U3
Neubaugasse,Volkstheater,U3
Volkstheater,Herrengasse,U3
Herrengasse,Stephansplatz,U3
Stephansplatz,Stubentor,U3
Stubentor,Landstrasse,U3
Landstrasse,Rochusgasse,U3
Rochusgasse,Kardinal-Nagl-Platz,U3
Kardinal-Nagl-Platz,Schlachthausgasse,U3
Schlachthausgasse,Erdberg,U3
Erdberg,Gasometer,U3
Gasometer,Zippererstrasse,U3
Zippererstrasse,Enkplatz,U3
Enkplatz,Simmering,U3
Heiligenstadt,Spittelau,U4
Spittelau,Friedensbrücke,U4
Friedensbrücke,Rossauer Lände,U4
Rossauer Lände,Schottenring,U4
Schottenring,Schwedenplatz,U4
Schwedenplatz,Landstrasse,U4
Landstrasse,Stadtpark,U4
Stadtpark,Karlsplatz,U4
Karlsplatz,Kettenbrückengasse,U4
Kettenbrückengasse,Pilgramgasse,U4
Pilgramgasse,Margaretengürtel,U4
Margaretengürtel,Längenfeldgasse,U4
Längenfeldgasse,Meidling Hauptstr.,U4
Meidling Hauptstr.,Schönbrunn,U4
Schönbrunn,Hietzing,U4
Hietzing,Braunschweiggasse,U4
Braunschweiggasse,Unter St. Veit,U4
Unter St. Veit,Ober St. Veit,U4
Ober St. Veit,Hütteldorf,U4
Floridsdorf,Neue Donau,U6
Neue Donau,Handelskai,U6
Handelskai,Dresdner Straße,U6
Dresdner Straße,Jägerstraße,U6
Jägerstraße,Spittelau,U6
Spittelau,Nußdorfer Straße,U6
Nußdorfer Straße,Währinger Straße-Volksoper,U6
Währinger Straße-Volksoper,Michelbeuern-AKH,U6
Michelbeuern-AKH,Alser Straße,U6
Alser Straße,Josefstädter Straße,U6
Josefstädter Straße,Thaliastraße,U6
Thaliastraße,Burggasse-Stadthalle,U6
Burggasse-Stadthalle,Westbahnhof,U6
Westbahnhof,Gumpendorfer Straße,U6
Gumpendorfer Straße,Längenfeldgasse,U6
Längenfeldgasse,Niederhofstraße,U6
Niederhofstraße,Philadelphiabrücke,U6
Philadelphiabrücke,Tscherttegasse,U6
Tscherttegasse,Am Schöpfwerk,U6
Am Schöpfwerk,Alterlaa,U6
Alterlaa,Erlaaer Straße,U6
Erlaaer Straße,Perfektastraße,U6
Perfektastraße,Siebenhirten,U6